거래금액,거래유형,건축년도,년,도로명,도로명건물본번호코드,도로명건물부번호코드,도로명시군구코드,도로명일련번호코드,도로명코드,법정동,법정동본번코드,법정동부번코드,법정동시군구코드,법정동읍면동코드,법정동지번코드,아파트,월,일,일련번호,전용면적,중개사소재지,지번,지역코드,층,해제사유발생일,해제여부
"   123,000",중개거래,2022,2023,경수대로884번길,00012,00000,41173,01,4349039, 비산동,1177,0000,41173,10100,1,평촌래미안푸르지오,1,4,41173-2107,105.96,경기 안양동안구,1177,41173,5, , 
"    71,000",중개거래,1981,2023,동안로,00283,00000,41173,01,3183006, 비산동,0354,0010,41173,10100,1,"뉴타운1,2,3",1,10,41173-6,75.54,경기 안양동안구,354-10,41173,2,23.01.30,O
"    67,000",중개거래,1985,2023,동안로,00283,00000,41173,01,3183006, 비산동,0341,0000,41173,10100,1,뉴타운5,1,10,41173-176,84.99,경기 안양동안구,341,41173,3, , 
"    34,500",중개거래,1993,2023,학의로,00098,00000,41173,01,3012016, 비산동,1101,0006,41173,10100,1,샛별한양4-2,1,10,41173-16,41.265,경기 안양동안구,1101-6,41173,14, , 
"    71,000",중개거래,1981,2023,동안로,00283,00000,41173,01,3183006, 비산동,0354,0010,41173,10100,1,"뉴타운1,2,3",1,10,41173-6,75.54,경기 안양동안구,354-10,41173,2, , 
"    72,000",직거래,1981,2023,동안로,00283,00000,41173,01,3183006, 비산동,0354,0010,41173,10100,1,"뉴타운1,2,3",1,12,41173-6,117, ,354-10,41173,10, , 
"    81,500",중개거래,2003,2023,관악대로,00135,00000,41173,00,2182001, 비산동,0425,0000,41173,10100,1,삼성래미안,1,14,41173-180,114.607,경기 안양동안구,425,41173,12, , 
"    45,000",중개거래,1993,2023,동안로159번길,00014,00000,41173,01,4349104, 비산동,1103,0005,41173,10100,1,은하수마을한양,1,15,41173-22,42.615,경기 안양동안구,1103-5,41173,6, , 
"    36,300",중개거래,1993,2023,달안로,00061,00000,41173,01,3183005, 비산동,1101,0002,41173,10100,1,샛별마을한양4-1,1,16,41173-15,42.615,경기 안양동안구,1101-2,41173,12, , 
"    62,000",중개거래,2003,2023,관악대로,00121,00000,41173,01,2182001, 비산동,0425,0000,41173,10100,1,삼성래미안,1,16,41173-180,84.918,경기 안양동안구,425,41173,5, , 
"    61,000",중개거래,1992,2023,학의로,00020,00000,41173,01,3012016, 비산동,1102,0000,41173,10100,1,관악,1,18,41173-2,84.945,경기 안양동안구,1102,41173,17, , 
"    30,000",중개거래,1993,2023,달안로,00075,00000,41173,01,3183005, 비산동,1101,0008,41173,10100,1,샛별한양4-3,1,18,41173-172,41.265,경기 안양동안구,1101-8,41173,1, , 
"    72,800",중개거래,1981,2023,동안로,00283,00000,41173,01,3183006, 비산동,0354,0010,41173,10100,1,"뉴타운1,2,3",1,18,41173-6,58.12,경기 안양동안구,354-10,41173,9, , 
"    50,000",중개거래,1993,2023,학의로,00046,00000,41173,01,3012016, 비산동,1102,0004,41173,10100,1,관악부영4,1,19,41173-3,59.44,경기 안양동안구,1102-4,41173,7, , 
"    40,000",직거래,1992,2023,동안로,00209,00000,41173,01,3183006, 비산동,1102,0007,41173,10100,1,관악성원,1,19,41173-4,40.875, ,1102-7,41173,4, , 
"    92,000",중개거래,1985,2023,동안로,00280,00000,41173,01,3183006, 비산동,0245,0000,41173,10100,1,뉴타운4,1,20,41173-175,123.36,경기 안양동안구,245,41173,7, , 
"    34,000",중개거래,1993,2023,달안로,00075,00000,41173,01,3183005, 비산동,1101,0008,41173,10100,1,샛별한양4-3,1,23,41173-172,41.265,경기 안양동안구,1101-8,41173,7, , 
"    51,500",중개거래,1981,2023,동안로,00283,00000,41173,01,3183006, 비산동,0354,0010,41173,10100,1,"뉴타운1,2,3",1,25,41173-6,59.17,경기 안양동안구,354-10,41173,4, , 
"    30,000",중개거래,1982,2023,관악대로69번길,00014,00000,41173,01,4349074, 비산동,0557,0007,41173,10100,1,성도,1,28,41173-17,51.8,경기 안양동안구,557-7,41173,5, , 
"    30,500",중개거래,2003,2023,임곡로80번길,00033,00000,41173,01,4349188, 비산동,1155,0000,41173,10100,1,더포레스트힐,1,31,41173-186,49.48,경기 안양동안구,1155,41173,7, , 
"    45,000",중개거래,1992,2023,달안로,00124,00000,41173,02,3183005, 관양동,1589,0001,41173,10200,1,한가람(신라),1,8,41173-67,45.8,경기 안양동안구,1589-1,41173,11, , 
"    35,500",중개거래,1993,2023,관평로212번길,00021,00000,41173,01,4349083, 관양동,1588,0000,41173,10200,1,공작아파트,1,9,41173-39,37.85,경기 안양동안구,1588,41173,12, , 
"    49,000",중개거래,2001,2023,관악대로404번길,00010,00012,41173,01,4349070, 관양동,1465,0009,41173,10200,1,바우아파트,1,13,41173-204,73.44,경기 안양동안구,1465-9,41173,2, , 
"    10,600",중개거래,2014,2023,흥안대로,00500,00006,41173,01,2000018, 관양동,1507,0002,41173,10200,1,파인빌,1,14,41173-1963,13.5208,경기 안양동안구,1507-2,41173,6, , 
"    43,000",중개거래,1993,2023,관평로212번길,00021,00000,41173,01,4349083, 관양동,1588,0000,41173,10200,1,공작아파트,1,16,41173-39,50,경기 안양동안구,1588,41173,15, , 
"    53,000",중개거래,1992,2023,달안로,00124,00000,41173,02,3183005, 관양동,1589,0001,41173,10200,1,한가람(신라),1,18,41173-67,59.76,경기 안양동안구,1589-1,41173,1, , 
"    49,000",중개거래,1996,2023,달안로,00110,00000,41173,02,3183005, 관양동,1589,0000,41173,10200,1,한가람(세경),1,26,41173-66,49.68,경기 안양동안구,1589,41173,5, , 
"    75,000",중개거래,2012,2023,동편로,00110,00000,41173,01,3183022, 관양동,1651,0000,41173,10200,1,동편마을(3단지),1,30,41173-1906,74.34,경기 안양동안구,1651,41173,9, , 
"    36,500",중개거래,1993,2023,관평로212번길,00021,00000,41173,01,4349083, 관양동,1588,0000,41173,10200,1,공작아파트,1,31,41173-39,37.85,경기 안양동안구,1588,41173,7, , 
"    75,000",중개거래,1993,2023,귀인로,00237,00000,41173,01,3183004, 평촌동,0898,0002,41173,10300,1,초원마을대림,1,2,41173-87,84.92,경기 안양동안구,898-2,41173,15, , 
"    66,000",중개거래,2001,2023,학의로,00390,00000,41173,03,3012016, 평촌동,0075,0002,41173,10300,1,인덕원대우,1,3,41173-78,84.96,경기 안양동안구,75-2,41173,15, , 
"    74,700",중개거래,1992,2023,관평로138번길,00012,00000,41173,01,4349077, 평촌동,0898,0000,41173,10300,1,초원성원,1,3,41173-84,84.99,경기 안양동안구,898,41173,15, , 
"    68,000",중개거래,2001,2023,학의로,00390,00000,41173,03,3012016, 평촌동,0075,0002,41173,10300,1,인덕원대우,1,6,41173-78,84.96,경기 안양동안구,75-2,41173,24, , 
"    63,500",중개거래,1993,2023,부림로,00055,00000,41173,02,3183008, 평촌동,0898,0006,41173,10300,1,초원마을대원,1,7,41173-79,59.94,경기 안양동안구,898-6,41173,5, , 
"    66,400",중개거래,2001,2023,학의로408번길,00013,00000,41173,00,4349217, 평촌동,0075,0002,41173,10300,1,인덕원대우,1,9,41173-78,84.96,경기 안양동안구,75-2,41173,1,23.04.01,O
"    62,000",중개거래,1993,2023,귀인로,00237,00000,41173,01,3183004, 평촌동,0898,0002,41173,10300,1,초원마을대림,1,10,41173-87,59.742,경기 안양동안구,898-2,41173,6, , 
"    93,000",중개거래,2002,2023,귀인로,00208,00000,41173,00,3183004, 평촌동,0314,0000,41173,10300,1,귀인마을현대홈타운,1,10,41173-97,80.374,경기 안양동안구,314,41173,4, , 
"    75,000",중개거래,1993,2023,귀인로,00237,00000,41173,01,3183004, 평촌동,0898,0002,41173,10300,1,초원마을대림,1,11,41173-87,84.92,경기 안양동안구,898-2,41173,2, , 
"    55,300",중개거래,2000,2023,흥안대로456번길,00066,00000,41173,01,4349235, 평촌동,0034,0000,41173,10300,1,삼성래미안,1,12,41173-82,59.76,경기 안양동안구,34,41173,11, , 
"    91,000",중개거래,2002,2023,귀인로,00210,00000,41173,01,3183004, 평촌동,0314,0000,41173,10300,1,귀인마을현대홈타운,1,12,41173-97,80.374,경기 안양동안구,314,41173,8, , 
"    72,000",중개거래,2001,2023,학의로,00390,00000,41173,03,3012016, 평촌동,0075,0002,41173,10300,1,인덕원대우,1,13,41173-78,84.96,경기 안양동안구,75-2,41173,9, , 
"   138,800",중개거래,1993,2023,관평로,00088,00000,41173,02,3183003, 평촌동,0932,0002,41173,10300,1,꿈마을금호,1,14,41173-74,133.59,"경기 안양동안구, 경기 의왕시",932-2,41173,16, , 
"    92,000",중개거래,2002,2023,귀인로,00208,00000,41173,00,3183004, 평촌동,0314,0000,41173,10300,1,귀인마을현대홈타운,1,14,41173-97,80.374,경기 안양동안구,314,41173,7, , 
"    68,300",중개거래,2001,2023,학의로,00390,00000,41173,03,3012016, 평촌동,0075,0002,41173,10300,1,인덕원대우,1,16,41173-78,84.96,경기 안양동안구,75-2,41173,7, , 
"    35,400",중개거래,1992,2023,관평로138번길,00063,00000,41173,01,4349077, 평촌동,0896,0006,41173,10300,1,초원부영,1,17,41173-88,37.85,경기 안양동안구,896-6,41173,6, , 
"    71,000",중개거래,2004,2023,흥안대로414번길,00039,00000,41173,01,4349231, 평촌동,0101,0000,41173,10300,1,인덕원대림2차,1,17,41173-208,84.92,경기 안양동안구,101,41173,21, , 
"    41,000",중개거래,1993,2023,귀인로,00237,00000,41173,01,3183004, 평촌동,0898,0002,41173,10300,1,초원마을대림,1,19,41173-87,59.742,경기 안양동안구,898-2,41173,2, , 
"    49,000",중개거래,1992,2023,관평로138번길,00063,00000,41173,01,4349077, 평촌동,0896,0006,41173,10300,1,초원부영,1,19,41173-88,50,경기 안양동안구,896-6,41173,4, , 
"    37,000",중개거래,1992,2023,관평로138번길,00063,00000,41173,01,4349077, 평촌동,0896,0006,41173,10300,1,초원부영,1,19,41173-88,37.85,경기 안양동안구,896-6,41173,13, , 
"    56,000",중개거래,2000,2023,흥안대로,00446,00020,41173,02,2000018, 평촌동,0093,0001,41173,10300,1,인덕원대림1차,1,20,41173-86,84.9,경기 안양동안구,93-1,41173,10, , 
"   100,000",중개거래,1993,2023,관평로,00088,00000,41173,02,3183003, 평촌동,0932,0002,41173,10300,1,꿈마을금호,1,27,41173-74,101.97,경기 의왕시,932-2,41173,19, , 
"    75,000",중개거래,1993,2023,부림로,00055,00000,41173,02,3183008, 평촌동,0898,0006,41173,10300,1,초원마을대원,1,28,41173-79,84.97,경기 안양동안구,898-6,41173,15, , 
"    57,000",중개거래,1993,2023,부림로,00080,00000,41173,02,3183008, 평촌동,0897,0005,41173,10300,1,초원한양,1,28,41173-89,59.4,"경기 과천시, 경기 안양동안구",897-5,41173,8, , 
"    62,000",중개거래,1993,2023,부림로,00052,00000,41173,02,3183008, 평촌동,0897,0007,41173,10300,1,초원LG,1,28,41173-81,59.79,경기 안양동안구,897-7,41173,8, , 
"    70,000",중개거래,2001,2023,학의로,00390,00000,41173,03,3012016, 평촌동,0075,0002,41173,10300,1,인덕원대우,1,30,41173-78,84.96,경기 안양동안구,75-2,41173,7, , 
"    65,000",중개거래,2000,2023,흥안대로456번길,00066,00000,41173,01,4349235, 평촌동,0034,0000,41173,10300,1,삼성래미안,1,30,41173-82,84.99,경기 안양동안구,34,41173,16, , 
"    50,000",직거래,1993,2023,부림로,00052,00000,41173,02,3183008, 평촌동,0897,0007,41173,10300,1,초원LG,1,31,41173-81,59.79, ,897-7,41173,6, , 
"    54,800",중개거래,1994,2023,귀인로172번길,00022,00000,41173,01,4349094, 호계동,1057,0000,41173,10400,1,무궁화경남,1,2,41173-117,59.917,경기 안양동안구,1057,41173,1, , 
"    56,000",중개거래,2015,2023,엘에스로116번길,00056,00000,41173,01,4349274, 호계동,1279,0000,41173,10400,1,금정역호계푸르지오,1,2,41173-1983,59.94,경기 군포시,1279,41173,12, , 
"    60,000",중개거래,2021,2023,경수대로,00581,00000,41173,00,2012008, 호계동,1296,0000,41173,10400,1,평촌어바인퍼스트,1,3,41173-2100,59.87,경기 안양동안구,1296,41173,17, , 
"    33,500",중개거래,1992,2023,동안로,00102,00000,41173,02,3183006, 호계동,1052,0000,41173,10400,1,목련마을2단지대우선경,1,4,41173-115,34.44,경기 안양동안구,1052,41173,13, , 
"    63,000",중개거래,2003,2023,경수대로,00430,00000,41173,02,2012008, 호계동,0813,0000,41173,10400,1,대림e-편한세상,1,4,41173-183,97.707,경기 안양동안구,813,41173,7, , 
"    43,700",중개거래,1998,2023,경수대로707번길,00052,00000,41173,01,4349031, 호계동,0920,0004,41173,10400,1,일신진흥,1,4,41173-147,84.75,경기 안양동안구,920-4,41173,4, , 
"    66,500",중개거래,2021,2023,경수대로,00581,00000,41173,00,2012008, 호계동,1296,0000,41173,10400,1,평촌어바인퍼스트,1,7,41173-2100,59.87,"경기 수원장안구, 경기 안양동안구",1296,41173,13, , 
"    45,000",중개거래,2000,2023,귀인로79번길,00052,00000,41173,00,4349098, 호계동,0912,0000,41173,10400,1,호계동효성아파트,1,9,41173-123,59.84,경기 안양동안구,912,41173,11, , 
"    62,000",중개거래,2021,2023,경수대로,00583,00000,41173,00,2012008, 호계동,1296,0000,41173,10400,1,평촌어바인퍼스트,1,9,41173-2100,59.52,경기 안양동안구,1296,41173,4, , 
"    78,500",중개거래,2021,2023,경수대로,00581,00000,41173,00,2012008, 호계동,1296,0000,41173,10400,1,평촌어바인퍼스트,1,10,41173-2100,84.6,경기 안양동안구,1296,41173,3, , 
"    64,000",중개거래,2021,2023,경수대로,00581,00000,41173,00,2012008, 호계동,1296,0000,41173,10400,1,평촌어바인퍼스트,1,11,41173-2100,59.87,경기 안양동안구,1296,41173,12, , 
"    31,500",중개거래,1992,2023,동안로,00102,00000,41173,02,3183006, 호계동,1052,0000,41173,10400,1,목련마을2단지대우선경,1,12,41173-115,34.44,경기 안양동안구,1052,41173,2, , 
"    86,000",중개거래,2021,2023,경수대로,00583,00000,41173,00,2012008, 호계동,1296,0000,41173,10400,1,평촌어바인퍼스트,1,12,41173-2100,84.6,경기 안양동안구,1296,41173,7, , 
"    46,000",중개거래,2003,2023,경수대로,00430,00000,41173,02,2012008, 호계동,0813,0000,41173,10400,1,대림e-편한세상,1,13,41173-183,84.99,경기 안양동안구,813,41173,15, , 
"    70,000",중개거래,1993,2023,흥안대로223번길,00047,00000,41173,01,4349225, 호계동,1121,0000,41173,10400,1,샘마을한양,1,14,41173-133,101.95,경기 안양동안구,1121,41173,7, , 
"    66,000",중개거래,2021,2023,경수대로,00581,00000,41173,00,2012008, 호계동,1296,0000,41173,10400,1,평촌어바인퍼스트,1,14,41173-2100,59.87,경기 안양동안구,1296,41173,11, , 
"    51,000",중개거래,2012,2023,호성로,00020,00000,41173,01,3012017, 호계동,1278,0000,41173,10400,1,금호어울림,1,16,41173-1912,84.78,경기 안양동안구,1278,41173,3, , 
"   120,000",직거래,1994,2023,동안로,00075,00000,41173,02,3183006, 호계동,1053,0003,41173,10400,1,목련아파트,1,17,41173-113,128.19, ,1053-3,41173,11, , 
"    85,000",중개거래,1994,2023,흥안대로223번길,00047,00000,41173,01,4349225, 호계동,1121,0000,41173,10400,1,샘마을대우,1,17,41173-131,101.94,경기 안양동안구,1121,41173,4, , 
"    57,000",중개거래,1992,2023,평촌대로211번길,00021,00000,41173,01,4349198, 호계동,1052,0003,41173,10400,1,목련우성,1,17,41173-114,56.7,경기 안양동안구,1052-3,41173,2, , 
"    64,000",중개거래,1992,2023,동안로,00011,00000,41173,02,3183006, 호계동,1055,0001,41173,10400,1,무궁화코오롱,1,18,41173-119,84.96,경기 안양동안구,1055-1,41173,13, , 
"    40,000",중개거래,2016,2023,흥안대로109번길,00008,00000,41173,01,4349219, 호계동,0960,0000,41173,10400,1,다미안,1,24,41173-2007,71.73,경기 안양동안구,960,41173,9, , 
"    59,800",중개거래,2021,2023,경수대로,00583,00000,41173,00,2012008, 호계동,1296,0000,41173,10400,1,평촌어바인퍼스트,1,24,41173-2100,59.52,경기 안양동안구,1296,41173,1, , 
"    45,000",중개거래,1993,2023,평촌대로179번길,00030,00000,41173,01,4349196, 호계동,1052,0005,41173,10400,1,목련우성5,1,25,41173-173,41.85,경기 안양동안구,1052-5,41173,9, , 
"    52,500",중개거래,1992,2023,평촌대로211번길,00021,00000,41173,01,4349198, 호계동,1052,0003,41173,10400,1,목련우성,1,27,41173-114,50.73,경기 안양동안구,1052-3,41173,13, , 
"    54,000",중개거래,2015,2023,엘에스로116번길,00056,00000,41173,01,4349274, 호계동,1279,0000,41173,10400,1,금정역호계푸르지오,1,27,41173-1983,59.94,경기 안양동안구,1279,41173,14, , 
"    39,000",중개거래,1999,2023,귀인로82번길,00054,00000,41173,01,4349100, 호계동,0931,0000,41173,10400,1,삼성(931),1,27,41173-158,59.4,경기 안양동안구,931,41173,8, , 
"    55,000",중개거래,1992,2023,평촌대로211번길,00021,00000,41173,01,4349198, 호계동,1052,0003,41173,10400,1,목련우성,1,28,41173-114,50.73,경기 안양동안구,1052-3,41173,4, , 
"    49,600",중개거래,1992,2023,경수대로610번길,00037,00000,41173,01,4349026, 호계동,1075,0000,41173,10400,1,무궁화태영,1,28,41173-157,76.23,경기 안양동안구,1075,41173,10, , 
"    59,700",중개거래,2018,2023,경수대로596번길,00062,00012,41173,00,4349024, 호계동,1280,0000,41173,10400,1,신평촌일성트루엘파크,1,28,41173-2058,59.9235,경기 안양동안구,1280,41173,10, , 
"    82,500",중개거래,2019,2023,경수대로610번길,00036,00000,41173,01,4349026, 호계동,1287,0000,41173,10400,1,평촌더샵아이파크,1,28,41173-2077,74.91,"경기 안양동안구, 인천 강화군",1287,41173,29, , 
"    51,000",중개거래,2021,2023,경수대로,00581,00000,41173,00,2012008, 호계동,1296,0000,41173,10400,1,평촌어바인퍼스트,1,29,41173-2100,46.92,경기 안양동안구,1296,41173,19, , 
"    65,300",중개거래,2021,2023,경수대로,00583,00000,41173,00,2012008, 호계동,1296,0000,41173,10400,1,평촌어바인퍼스트,1,29,41173-2100,59.87,경기 안양동안구,1296,41173,12, , 
"    67,000",중개거래,2021,2023,경수대로,00581,00000,41173,00,2012008, 호계동,1296,0000,41173,10400,1,평촌어바인퍼스트,1,30,41173-2100,59.52,"경기 안양동안구, 서울 동대문구",1296,41173,18, , 
"    79,000",중개거래,2021,2023,경수대로,00583,00000,41173,00,2012008, 호계동,1296,0000,41173,10400,1,평촌어바인퍼스트,1,30,41173-2100,84.6,경기 안양동안구,1296,41173,2, , 
"    35,000",중개거래,1993,2023,달안로,00061,00000,41173,01,3183005, 비산동,1101,0002,41173,10100,1,샛별마을한양4-1,2,1,41173-15,42.615,경기 안양동안구,1101-2,41173,12, , 
"    68,000",직거래,2003,2023,임곡로,00043,00000,41173,01,3183020, 비산동,1155,0000,41173,10100,1,더포레스트힐,2,1,41173-186,84.75, ,1155,41173,9, , 
"    25,000",직거래,1993,2023,달안로,00078,00000,41173,01,3183005, 비산동,1109,0004,41173,10100,1,샛별한양6(고층1109-4),2,3,41173-216,35.1, ,1109-4,41173,14, , 
"    34,000",중개거래,1993,2023,학의로,00098,00000,41173,01,3012016, 비산동,1101,0006,41173,10100,1,샛별한양4-2,2,4,41173-16,41.265,경기 안양동안구,1101-6,41173,14, , 
"    32,000",중개거래,1993,2023,달안로,00078,00000,41173,01,3183005, 비산동,1109,0004,41173,10100,1,샛별한양6(고층1109-4),2,4,41173-216,35.1,경기 안양동안구,1109-4,41173,5, , 
"    33,000",중개거래,1993,2023,달안로,00078,00000,41173,01,3183005, 비산동,1109,0004,41173,10100,1,샛별한양6(고층1109-4),2,4,41173-216,35.1,경기 안양동안구,1109-4,41173,8, , 
"    32,500",중개거래,2003,2023,임곡로,00043,00000,41173,01,3183020, 비산동,1155,0000,41173,10100,1,더포레스트힐,2,4,41173-186,49.48,경기 안양동안구,1155,41173,6, , 
"    58,500",중개거래,1981,2023,동안로,00283,00000,41173,01,3183006, 비산동,0354,0010,41173,10100,1,"뉴타운1,2,3",2,6,41173-6,70.08,"경기 안양동안구, 경기 안양만안구",354-10,41173,10, , 
"    57,000",중개거래,2003,2023,관악대로,00135,00000,41173,00,2182001, 비산동,0425,0000,41173,10100,1,삼성래미안,2,6,41173-180,59.871,경기 안양동안구,425,41173,10, , 
"    39,000",중개거래,1993,2023,달안로,00061,00000,41173,01,3183005, 비산동,1101,0002,41173,10100,1,샛별마을한양4-1,2,6,41173-15,42.615,경기 안양동안구,1101-2,41173,12, , 
"    28,500",중개거래,2003,2023,임곡로80번길,00033,00000,41173,01,4349188, 비산동,1155,0000,41173,10100,1,더포레스트힐,2,7,41173-186,49.48,경기 안양동안구,1155,41173,1, , 
"    80,000",중개거래,2021,2023,비산로,00022,00000,41173,00,3183009, 비산동,1185,0000,41173,10100,1,평촌자이아이파크,2,7,41173-2108,84.989,경기 안양동안구,1185,41173,29, , 
"    49,100",직거래,1981,2023,동안로,00283,00000,41173,01,3183006, 비산동,0354,0010,41173,10100,1,"뉴타운1,2,3",2,8,41173-6,69.52, ,354-10,41173,6, , 
"    33,000",중개거래,2003,2023,임곡로80번길,00033,00000,41173,01,4349188, 비산동,1155,0000,41173,10100,1,더포레스트힐,2,8,41173-186,49.48,경기 안양동안구,1155,41173,10, , 
"    36,300",중개거래,2003,2023,임곡로,00043,00000,41173,01,3183020, 비산동,1155,0000,41173,10100,1,더포레스트힐,2,8,41173-186,49.48,"경기 안양동안구, 경기 안양만안구",1155,41173,15, , 
"    34,500",중개거래,1993,2023,학의로,00098,00000,41173,01,3012016, 비산동,1101,0006,41173,10100,1,샛별한양4-2,2,8,41173-16,41.265,경기 안양동안구,1101-6,41173,3, , 
"    34,000",중개거래,1993,2023,달안로,00061,00000,41173,01,3183005, 비산동,1101,0002,41173,10100,1,샛별마을한양4-1,2,9,41173-15,42.615,경기 안양동안구,1101-2,41173,10, , 
"    65,500",중개거래,2009,2023,경수대로883번길,00033,00000,41173,01,4349038, 비산동,0572,0000,41173,10100,1,한화꿈에그린,2,9,41173-1889,84.973,경기 안양동안구,572,41173,10, , 
"    64,000",중개거래,2003,2023,관악대로,00135,00000,41173,00,2182001, 비산동,0425,0000,41173,10100,1,삼성래미안,2,9,41173-180,84.918,경기 안양동안구,425,41173,17, , 
"    68,000",중개거래,1992,2023,시민대로159번길,00062,00000,41173,01,4349145, 비산동,1103,0000,41173,10100,1,은하수벽산,2,9,41173-23,76.05,경기 안양동안구,1103,41173,5, , 
"    48,000",직거래,2003,2023,관악대로,00135,00000,41173,00,2182001, 비산동,0425,0000,41173,10100,1,삼성래미안,2,10,41173-180,59.871, ,425,41173,5, , 
"    48,500",중개거래,1993,2023,학의로,00046,00000,41173,01,3012016, 비산동,1102,0004,41173,10100,1,관악부영4,2,11,41173-3,59.44,경기 안양동안구,1102-4,41173,15, , 
"    40,000",중개거래,1993,2023,달안로,00061,00000,41173,01,3183005, 비산동,1101,0002,41173,10100,1,샛별마을한양4-1,2,11,41173-15,41.265,경기 안양동안구,1101-2,41173,9, , 
"    71,500",중개거래,2009,2023,경수대로883번길,00033,00000,41173,01,4349038, 비산동,0572,0000,41173,10100,1,한화꿈에그린,2,12,41173-1889,84.973,경기 안양동안구,572,41173,16, , 
"    97,000",중개거래,2003,2023,관악대로,00121,00000,41173,01,2182001, 비산동,0425,0000,41173,10100,1,삼성래미안,2,13,41173-180,164.379,경기 안양동안구,425,41173,25, , 
"    47,000",직거래,2003,2023,임곡로,00043,00000,41173,01,3183020, 비산동,1155,0000,41173,10100,1,더포레스트힐,2,13,41173-186,59.93, ,1155,41173,2, , 
"    28,500",중개거래,1988,2023,관악대로264번길,00011,00000,41173,01,4349050, 비산동,1058,0000,41173,10100,1,현암,2,14,41173-32,49.41,경기 안양만안구,1058,41173,5, , 
"    62,500",중개거래,2003,2023,관악대로,00135,00000,41173,00,2182001, 비산동,0425,0000,41173,10100,1,삼성래미안,2,14,41173-180,84.918,경기 안양동안구,425,41173,2, , 
"    68,000",중개거래,2003,2023,관악대로,00135,00000,41173,00,2182001, 비산동,0425,0000,41173,10100,1,삼성래미안,2,14,41173-180,84.918,경기 안양동안구,425,41173,16, , 
"    44,800",중개거래,1992,2023,동안로,00209,00000,41173,01,3183006, 비산동,1102,0007,41173,10100,1,관악성원,2,15,41173-4,49.68,경기 안양동안구,1102-7,41173,2, , 
"    33,150",중개거래,2003,2023,임곡로,00043,00000,41173,01,3183020, 비산동,1155,0000,41173,10100,1,더포레스트힐,2,15,41173-186,49.48,경기 안양동안구,1155,41173,5, , 
"    52,500",중개거래,2003,2023,관악대로106번길,00029,00000,41173,00,4349042, 비산동,0408,0000,41173,10100,1,비산롯데캐슬,2,15,41173-179,56.844,경기 안양동안구,408,41173,17, , 
"    51,000",중개거래,1988,2023,동안로,00268,00000,41173,01,3183006, 비산동,0361,0000,41173,10100,1,뉴타운6,2,15,41173-177,55.8,경기 안양동안구,361,41173,3, , 
"    67,400",중개거래,1981,2023,동안로,00283,00000,41173,01,3183006, 비산동,0354,0010,41173,10100,1,"뉴타운1,2,3",2,16,41173-6,82.245,경기 안양동안구,354-10,41173,10, , 
"    68,000",중개거래,1992,2023,학의로,00020,00000,41173,01,3012016, 비산동,1102,0000,41173,10100,1,관악,2,17,41173-2,84.945,"경기 안양동안구, 경기 안양만안구",1102,41173,7, , 
"    49,000",중개거래,1993,2023,학의로,00046,00000,41173,01,3012016, 비산동,1102,0004,41173,10100,1,관악부영4,2,17,41173-3,59.44,경기 안양동안구,1102-4,41173,11, , 
"    72,000",중개거래,1992,2023,학의로,00020,00000,41173,01,3012016, 비산동,1102,0000,41173,10100,1,관악,2,18,41173-2,84.945,"경기 안양동안구, 경기 안양만안구",1102,41173,8, , 
"    64,000",중개거래,2003,2023,관악대로,00121,00000,41173,01,2182001, 비산동,0425,0000,41173,10100,1,삼성래미안,2,18,41173-180,84.918,경기 안양동안구,425,41173,5, , 
"    32,000",중개거래,1993,2023,달안로,00061,00000,41173,01,3183005, 비산동,1101,0002,41173,10100,1,샛별마을한양4-1,2,18,41173-15,35.1,경기 안양동안구,1101-2,41173,9, , 
"    32,500",중개거래,1993,2023,달안로,00062,00000,41173,01,3183005, 비산동,1109,0000,41173,10100,1,샛별한양6(고층1109),2,21,41173-170,35.1,경기 안양동안구,1109,41173,10, , 
"    57,000",중개거래,2009,2023,경수대로883번길,00033,00000,41173,01,4349038, 비산동,0572,0000,41173,10100,1,한화꿈에그린,2,21,41173-1889,59.995,경기 안양동안구,572,41173,21, , 
"    62,000",중개거래,2003,2023,관악대로,00121,00000,41173,01,2182001, 비산동,0425,0000,41173,10100,1,삼성래미안,2,21,41173-180,84.918,경기 안양동안구,425,41173,7, , 
"    43,000",중개거래,1993,2023,달안로,00062,00000,41173,01,3183005, 비산동,1109,0000,41173,10100,1,샛별한양6(고층1109),2,22,41173-170,42.615,경기 안양동안구,1109,41173,13, , 
"    48,000",중개거래,1992,2023,학의로,00020,00000,41173,01,3012016, 비산동,1102,0000,41173,10100,1,관악,2,23,41173-2,59.4,"경기 안양동안구, 경기 안양만안구",1102,41173,6, , 
"    70,000",중개거래,2009,2023,경수대로883번길,00033,00000,41173,01,4349038, 비산동,0572,0000,41173,10100,1,한화꿈에그린,2,23,41173-1889,84.973,경기 안양동안구,572,41173,10, , 
"    65,000",중개거래,2003,2023,관악대로,00135,00000,41173,00,2182001, 비산동,0425,0000,41173,10100,1,삼성래미안,2,23,41173-180,84.918,경기 안양동안구,425,41173,7, , 
"    40,000",직거래,1981,2023,동안로,00283,00000,41173,01,3183006, 비산동,0354,0010,41173,10100,1,"뉴타운1,2,3",2,23,41173-6,59.24, ,354-10,41173,1, , 
"    86,000",중개거래,2009,2023,경수대로883번길,00033,00000,41173,01,4349038, 비산동,0572,0000,41173,10100,1,한화꿈에그린,2,24,41173-1889,111.475,경기 안양동안구,572,41173,19, , 
"    67,500",중개거래,2003,2023,관악대로,00135,00000,41173,00,2182001, 비산동,0425,0000,41173,10100,1,삼성래미안,2,25,41173-180,84.918,경기 안양동안구,425,41173,4, , 
"    88,000",중개거래,2021,2023,비산로,00022,00000,41173,00,3183009, 비산동,1185,0000,41173,10100,1,평촌자이아이파크,2,26,41173-2108,84.9856,경기 안양동안구,1185,41173,24, , 
"    72,000",중개거래,1981,2023,동안로,00283,00000,41173,01,3183006, 비산동,0354,0010,41173,10100,1,"뉴타운1,2,3",2,27,41173-6,87.27,경기 안양동안구,354-10,41173,2, , 
"    31,500",중개거래,1993,2023,달안로,00078,00000,41173,01,3183005, 비산동,1109,0004,41173,10100,1,샛별한양6(고층1109-4),2,27,41173-216,35.1,경기 안양동안구,1109-4,41173,4, , 
"    30,000",중개거래,1993,2023,관평로212번길,00021,00000,41173,01,4349083, 관양동,1588,0000,41173,10200,1,공작아파트,2,1,41173-39,37.85,경기 안양동안구,1588,41173,1, , 
"    56,500",중개거래,1995,2023,학의로,00146,00000,41173,02,3012016, 관양동,1586,0005,41173,10200,1,한가람(삼성),2,1,41173-65,59.76,경기 안양동안구,1586-5,41173,15, , 
"    70,000",중개거래,1998,2023,안양판교로,00042,00000,41173,01,3012010, 관양동,1510,0001,41173,10200,1,인덕원마을(삼성),2,3,41173-61,59.8,경기 안양동안구,1510-1,41173,14, , 
"   100,000",중개거래,2016,2023,시민대로327번길,00055,00000,41173,00,4349275, 관양동,1815,0000,41173,10200,1,평촌더샵센트럴시티,2,3,41173-2008,84.985,경기 의왕시,1815,41173,7, , 
"    29,500",중개거래,1993,2023,달안로,00153,00000,41173,02,3183005, 관양동,1587,0005,41173,10200,1,공작성일,2,5,41173-40,39.6,경기 수원영통구,1587-5,41173,5, , 
"   106,300",중개거래,2016,2023,시민대로327번길,00055,00000,41173,00,4349275, 관양동,1815,0000,41173,10200,1,평촌더샵센트럴시티,2,5,41173-2008,84.985,경기 안양동안구,1815,41173,18, , 
"    47,000",중개거래,1996,2023,달안로,00110,00000,41173,02,3183005, 관양동,1589,0000,41173,10200,1,한가람(세경),2,7,41173-66,51.75,경기 안양동안구,1589,41173,6, , 
"    74,000",중개거래,1998,2023,안양판교로,00042,00000,41173,01,3012010, 관양동,1510,0001,41173,10200,1,인덕원마을(삼성),2,9,41173-61,59.89,경기 안양동안구,1510-1,41173,12, , 
"    80,250",중개거래,1998,2023,안양판교로,00042,00000,41173,01,3012010, 관양동,1510,0001,41173,10200,1,인덕원마을(삼성),2,10,41173-61,84.93,경기 안양동안구,1510-1,41173,25, , 
"   146,500",중개거래,2016,2023,시민대로327번길,00055,00000,41173,00,4349275, 관양동,1815,0000,41173,10200,1,평촌더샵센트럴시티,2,10,41173-2008,96.9933,경기 안양동안구,1815,41173,24, , 
"   132,800",중개거래,2012,2023,동편로,00135,00000,41173,01,3183022, 관양동,1669,0000,41173,10200,1,동편마을(4단지),2,10,41173-1904,120.48,경기 안양동안구,1669,41173,7, , 
"    59,000",중개거래,1992,2023,달안로,00125,00000,41173,02,3183005, 관양동,1586,0006,41173,10200,1,한가람(두산),2,11,41173-64,59.97,경기 안양동안구,1586-6,41173,4, , 
"    53,500",중개거래,1993,2023,관평로212번길,00021,00000,41173,01,4349083, 관양동,1588,0000,41173,10200,1,공작아파트,2,13,41173-39,60,경기 안양동안구,1588,41173,2, , 
"    60,000",중개거래,1993,2023,관평로212번길,00021,00000,41173,01,4349083, 관양동,1588,0000,41173,10200,1,공작아파트,2,14,41173-39,60,경기 안양동안구,1588,41173,15, , 
"    74,000",중개거래,2012,2023,동편로,00110,00000,41173,01,3183022, 관양동,1651,0000,41173,10200,1,동편마을(3단지),2,17,41173-1906,74.96,경기 안양동안구,1651,41173,8, , 
"    92,000",중개거래,1985,2023,관평로,00333,00000,41173,01,3183003, 관양동,1396,0000,41173,10200,1,현대,2,20,41173-981,123.6,경기 안양동안구,1396,41173,6, , 
"    32,000",중개거래,1993,2023,관평로212번길,00021,00000,41173,01,4349083, 관양동,1588,0000,41173,10200,1,공작아파트,2,21,41173-39,37.85,경기 안양동안구,1588,41173,4, , 
"    32,000",중개거래,1993,2023,관평로212번길,00021,00000,41173,01,4349083, 관양동,1588,0000,41173,10200,1,공작아파트,2,21,41173-39,37.85,경기 안양동안구,1588,41173,4,23.03.09,O
"    83,200",중개거래,2012,2023,동편로,00110,00000,41173,01,3183022, 관양동,1651,0000,41173,10200,1,동편마을(3단지),2,22,41173-1906,74.34,경기 안양동안구,1651,41173,15, , 
"   100,000",중개거래,2016,2023,시민대로327번길,00055,00000,41173,00,4349275, 관양동,1815,0000,41173,10200,1,평촌더샵센트럴시티,2,22,41173-2008,84.985,경기 안양동안구,1815,41173,29, , 
"    98,000",중개거래,2016,2023,시민대로327번길,00055,00000,41173,00,4349275, 관양동,1815,0000,41173,10200,1,평촌더샵센트럴시티,2,24,41173-2008,84.985,"경기 안양동안구, 경기 의왕시",1815,41173,4, , 
"    80,000",중개거래,2016,2023,시민대로327번길,00055,00000,41173,00,4349275, 관양동,1815,0000,41173,10200,1,평촌더샵센트럴시티,2,25,41173-2008,59.9861,경기 안양동안구,1815,41173,25, , 
"    74,800",중개거래,1993,2023,부림로,00055,00000,41173,02,3183008, 평촌동,0898,0006,41173,10300,1,초원마을대원,2,2,41173-79,84.97,경기 안양동안구,898-6,41173,10, , 
"    58,000",중개거래,2004,2023,흥안대로414번길,00039,00000,41173,01,4349231, 평촌동,0101,0000,41173,10300,1,인덕원대림2차,2,2,41173-208,59.84,경기 안양동안구,101,41173,10, , 
"    93,000",중개거래,1993,2023,귀인로,00213,00000,41173,01,3183004, 평촌동,0899,0007,41173,10300,1,향촌마을현대5차,2,2,41173-94,84.75,경기 안양동안구,899-7,41173,3, , 
"    73,000",중개거래,1993,2023,부림로,00052,00000,41173,02,3183008, 평촌동,0897,0007,41173,10300,1,초원LG,2,3,41173-81,84.9,경기 안양동안구,897-7,41173,9, , 
"    49,000",중개거래,1992,2023,관평로138번길,00063,00000,41173,01,4349077, 평촌동,0896,0006,41173,10300,1,초원부영,2,3,41173-88,50,경기 안양동안구,896-6,41173,10, , 
"    36,700",중개거래,1992,2023,관평로138번길,00063,00000,41173,01,4349077, 평촌동,0896,0006,41173,10300,1,초원부영,2,3,41173-88,37.85,경기 안양동안구,896-6,41173,4, , 
"    35,400",중개거래,1992,2023,관평로138번길,00063,00000,41173,01,4349077, 평촌동,0896,0006,41173,10300,1,초원부영,2,3,41173-88,37.85,경기 안양동안구,896-6,41173,15, , 
"    36,000",중개거래,1992,2023,관평로138번길,00063,00000,41173,01,4349077, 평촌동,0896,0006,41173,10300,1,초원부영,2,4,41173-88,37.85,경기 안양동안구,896-6,41173,3, , 
"    68,700",중개거래,2001,2023,학의로,00390,00000,41173,03,3012016, 평촌동,0075,0002,41173,10300,1,인덕원대우,2,6,41173-78,84.96,경기 안양동안구,75-2,41173,1, , 
"    73,900",중개거래,2001,2023,학의로,00390,00000,41173,03,3012016, 평촌동,0075,0002,41173,10300,1,인덕원대우,2,7,41173-78,84.96,경기 안양동안구,75-2,41173,16, , 
"    63,000",중개거래,1993,2023,귀인로,00237,00000,41173,01,3183004, 평촌동,0898,0002,41173,10300,1,초원마을대림,2,8,41173-87,59.742,경기 안양동안구,898-2,41173,5, , 
"    38,500",중개거래,1992,2023,관평로138번길,00063,00000,41173,01,4349077, 평촌동,0896,0006,41173,10300,1,초원부영,2,8,41173-88,37.85,경기 안양동안구,896-6,41173,6, , 
"    34,500",중개거래,1992,2023,관평로138번길,00063,00000,41173,01,4349077, 평촌동,0896,0006,41173,10300,1,초원부영,2,9,41173-88,37.85,경기 안양동안구,896-6,41173,2, , 
"    71,000",중개거래,2001,2023,학의로408번길,00013,00000,41173,00,4349217, 평촌동,0075,0002,41173,10300,1,인덕원대우,2,11,41173-78,84.96,경기 안양동안구,75-2,41173,4, , 
"    49,000",중개거래,1992,2023,관평로138번길,00063,00000,41173,01,4349077, 평촌동,0896,0006,41173,10300,1,초원부영,2,11,41173-88,50,경기 안양동안구,896-6,41173,4, , 
"    38,000",중개거래,1992,2023,관평로138번길,00063,00000,41173,01,4349077, 평촌동,0896,0006,41173,10300,1,초원부영,2,11,41173-88,37.85,경기 안양동안구,896-6,41173,13, , 
"    60,000",중개거래,2000,2023,흥안대로456번길,00066,00000,41173,01,4349235, 평촌동,0034,0000,41173,10300,1,삼성래미안,2,11,41173-82,84.99,경기 안양동안구,34,41173,24, , 
"    61,000",중개거래,2000,2023,흥안대로456번길,00066,00000,41173,01,4349235, 평촌동,0034,0000,41173,10300,1,삼성래미안,2,11,41173-82,84.84,경기 안양동안구,34,41173,9, , 
"    60,000",중개거래,1993,2023,부림로,00055,00000,41173,02,3183008, 평촌동,0898,0006,41173,10300,1,초원마을대원,2,11,41173-79,59.94,"경기 군포시, 경기 안양동안구",898-6,41173,4, , 
"    98,500",중개거래,1992,2023,귀인로,00193,00000,41173,01,3183004, 평촌동,0899,0002,41173,10300,1,향촌마을현대4차,2,12,41173-96,84.99,경기 안양동안구,899-2,41173,9, , 
"    73,000",중개거래,1993,2023,부림로,00055,00000,41173,02,3183008, 평촌동,0898,0006,41173,10300,1,초원마을대원,2,14,41173-79,84.97,경기 안양동안구,898-6,41173,2, , 
"    63,000",중개거래,1993,2023,귀인로,00237,00000,41173,01,3183004, 평촌동,0898,0002,41173,10300,1,초원마을대림,2,14,41173-87,59.742,경기 안양동안구,898-2,41173,9, , 
"    71,500",중개거래,2001,2023,학의로,00390,00000,41173,03,3012016, 평촌동,0075,0002,41173,10300,1,인덕원대우,2,16,41173-78,84.96,경기 안양동안구,75-2,41173,26,23.03.31,O
"    73,000",중개거래,2004,2023,흥안대로414번길,00039,00000,41173,01,4349231, 평촌동,0101,0000,41173,10300,1,인덕원대림2차,2,16,41173-208,84.92,경기 안양동안구,101,41173,22,23.03.10,O
"    73,000",중개거래,2004,2023,흥안대로414번길,00039,00000,41173,01,4349231, 평촌동,0101,0000,41173,10300,1,인덕원대림2차,2,16,41173-208,84.92,경기 안양동안구,101,41173,22, , 
"    71,500",중개거래,2001,2023,학의로,00390,00000,41173,03,3012016, 평촌동,0075,0002,41173,10300,1,인덕원대우,2,16,41173-78,84.96,경기 안양동안구,75-2,41173,26, , 
"   129,500",중개거래,1993,2023,관평로,00088,00000,41173,02,3183003, 평촌동,0932,0002,41173,10300,1,꿈마을금호,2,17,41173-74,133.59,경기 안양동안구,932-2,41173,24, , 
"    90,000",중개거래,1993,2023,관평로,00068,00000,41173,02,3183003, 평촌동,0932,0004,41173,10300,1,꿈마을한신,2,17,41173-91,96.66,경기 안양동안구,932-4,41173,6, , 
"    62,500",중개거래,2001,2023,학의로,00390,00000,41173,03,3012016, 평촌동,0075,0002,41173,10300,1,인덕원대우,2,18,41173-78,60,경기 안양동안구,75-2,41173,4, , 
"    58,400",중개거래,1993,2023,귀인로,00237,00000,41173,01,3183004, 평촌동,0898,0002,41173,10300,1,초원마을대림,2,18,41173-87,59.742,"경기 군포시, 경기 안양동안구",898-2,41173,5, , 
"    71,000",중개거래,2001,2023,학의로,00390,00000,41173,03,3012016, 평촌동,0075,0002,41173,10300,1,인덕원대우,2,18,41173-78,84.96,경기 안양동안구,75-2,41173,4, , 
"    60,000",중개거래,2000,2023,흥안대로456번길,00066,00000,41173,01,4349235, 평촌동,0034,0000,41173,10300,1,삼성래미안,2,19,41173-82,84.84,경기 안양동안구,34,41173,4, , 
"   107,500",중개거래,1993,2023,평촌대로180번길,00028,00000,41173,01,4349197, 평촌동,0899,0000,41173,10300,1,향촌롯데,2,19,41173-93,84.84,경기 안양동안구,899,41173,8, , 
"    72,000",중개거래,2002,2023,귀인로,00210,00000,41173,01,3183004, 평촌동,0314,0000,41173,10300,1,귀인마을현대홈타운,2,20,41173-97,56.065,경기 안양동안구,314,41173,17, , 
"    71,400",중개거래,2001,2023,학의로,00390,00000,41173,03,3012016, 평촌동,0075,0002,41173,10300,1,인덕원대우,2,21,41173-78,84.96,경기 안양동안구,75-2,41173,25, , 
"    65,000",중개거래,2001,2023,학의로,00390,00000,41173,03,3012016, 평촌동,0075,0002,41173,10300,1,인덕원대우,2,22,41173-78,59.92,경기 안양동안구,75-2,41173,23, , 
"    61,500",중개거래,1993,2023,부림로,00055,00000,41173,02,3183008, 평촌동,0898,0006,41173,10300,1,초원마을대원,2,22,41173-79,59.94,경기 안양동안구,898-6,41173,10, , 
"    74,500",중개거래,2004,2023,흥안대로414번길,00039,00000,41173,01,4349231, 평촌동,0101,0000,41173,10300,1,인덕원대림2차,2,23,41173-208,84.92,경기 의왕시,101,41173,12, , 
"    61,500",중개거래,2004,2023,흥안대로414번길,00039,00000,41173,01,4349231, 평촌동,0101,0000,41173,10300,1,인덕원대림2차,2,23,41173-208,59.84,경기 의왕시,101,41173,9, , 
"    71,000",중개거래,2004,2023,흥안대로414번길,00039,00000,41173,01,4349231, 평촌동,0101,0000,41173,10300,1,인덕원대림2차,2,23,41173-208,84.92,경기 안양동안구,101,41173,21, , 
"    40,000",중개거래,1992,2023,관평로138번길,00063,00000,41173,01,4349077, 평촌동,0896,0006,41173,10300,1,초원부영,2,24,41173-88,37.85,경기 안양동안구,896-6,41173,10, , 
"    75,000",중개거래,1992,2023,관평로138번길,00012,00000,41173,01,4349077, 평촌동,0898,0000,41173,10300,1,초원성원,2,25,41173-84,84.99,경기 안양동안구,898,41173,6, , 
"   107,000",중개거래,1993,2023,관평로,00088,00000,41173,02,3183003, 평촌동,0932,0002,41173,10300,1,꿈마을금호,2,26,41173-74,101.97,경기 안양동안구,932-2,41173,12, , 
"    66,000",중개거래,2000,2023,흥안대로456번길,00066,00000,41173,01,4349235, 평촌동,0034,0000,41173,10300,1,삼성래미안,2,26,41173-82,84.99,경기 안양동안구,34,41173,20, , 
"    86,000",중개거래,1993,2023,귀인로,00237,00000,41173,01,3183004, 평촌동,0898,0002,41173,10300,1,초원마을대림,2,27,41173-87,84.92,경기 안양동안구,898-2,41173,9, , 
"    28,000",중개거래,2000,2023,흥안대로414번길,00020,00000,41173,01,4349231, 평촌동,0130,0001,41173,10300,1,영풍,2,28,41173-85,36.85,경기 안양동안구,130-1,41173,17, , 
"    51,000",중개거래,1996,2023,관평로138번길,00013,00000,41173,00,4349077, 평촌동,0896,0002,41173,10300,1,초원마을세경,2,28,41173-188,49.68,경기 안양동안구,896-2,41173,21, , 
"    40,200",중개거래,1992,2023,관평로138번길,00063,00000,41173,01,4349077, 평촌동,0896,0006,41173,10300,1,초원부영,2,28,41173-88,37.85,경기 안양동안구,896-6,41173,12, , 
"    48,000",직거래,1999,2023,귀인로98번길,00013,00000,41173,01,4349101, 호계동,0927,0000,41173,10400,1,흥화,2,1,41173-162,84.96, ,927,41173,7, , 
"    57,000",중개거래,2003,2023,경수대로,00462,00000,41173,02,2012008, 호계동,0811,0000,41173,10400,1,호계2차현대홈타운,2,2,41173-182,84.912,경기 안양동안구,811,41173,4, , 
"    80,000",중개거래,2021,2023,경수대로,00581,00000,41173,00,2012008, 호계동,1296,0000,41173,10400,1,평촌어바인퍼스트,2,2,41173-2100,74.69,경기 안양동안구,1296,41173,8, , 
"    15,500",직거래,2013,2023,시민대로137번길,00030,00000,41173,01,4349144, 호계동,0903,0016,41173,10400,1,리츠팰리스,2,2,41173-1936,15.6113, ,903-16,41173,5, , 
"    48,000",중개거래,2003,2023,경수대로,00462,00000,41173,02,2012008, 호계동,0811,0000,41173,10400,1,호계2차현대홈타운,2,3,41173-182,59.977,"경기 안양동안구, 경기 의왕시",811,41173,15, , 
"    53,000",중개거래,2015,2023,엘에스로116번길,00056,00000,41173,01,4349274, 호계동,1279,0000,41173,10400,1,금정역호계푸르지오,2,4,41173-1983,59.94,경기 군포시,1279,41173,16, , 
"    68,500",중개거래,2021,2023,경수대로,00581,00000,41173,00,2012008, 호계동,1296,0000,41173,10400,1,평촌어바인퍼스트,2,5,41173-2100,59.87,경기 안양동안구,1296,41173,24, , 
"    63,000",중개거래,1992,2023,평촌대로211번길,00021,00000,41173,01,4349198, 호계동,1052,0003,41173,10400,1,목련우성,2,6,41173-114,56.7,경기 안양동안구,1052-3,41173,7, , 
"    66,000",중개거래,2021,2023,경수대로,00581,00000,41173,00,2012008, 호계동,1296,0000,41173,10400,1,평촌어바인퍼스트,2,6,41173-2100,59.52,경기 안양동안구,1296,41173,7, , 
"    70,000",중개거래,2003,2023,경수대로,00462,00000,41173,02,2012008, 호계동,0811,0000,41173,10400,1,호계2차현대홈타운,2,6,41173-182,115.075,경기 안양동안구,811,41173,4,23.03.13,O
"    58,000",중개거래,2003,2023,경수대로,00462,00000,41173,02,2012008, 호계동,0811,0000,41173,10400,1,호계2차현대홈타운,2,7,41173-182,84.973,경기 안양동안구,811,41173,18, , 
"    60,000",직거래,2021,2023,경수대로,00583,00000,41173,00,2012008, 호계동,1296,0000,41173,10400,1,평촌어바인퍼스트,2,7,41173-2100,59.87, ,1296,41173,6, , 
"    66,500",중개거래,2019,2023,경수대로610번길,00036,00000,41173,01,4349026, 호계동,1287,0000,41173,10400,1,평촌더샵아이파크,2,7,41173-2077,59.8,경기 안양동안구,1287,41173,7, , 
"   150,000",중개거래,1994,2023,동안로,00075,00000,41173,02,3183006, 호계동,1053,0003,41173,10400,1,목련아파트,2,8,41173-113,150.18,경기 안양동안구,1053-3,41173,7, , 
"    58,000",중개거래,1992,2023,동안로,00011,00000,41173,02,3183006, 호계동,1055,0001,41173,10400,1,무궁화건영캐스빌,2,8,41173-116,84.84,경기 안양동안구,1055-1,41173,4, , 
"    60,000",중개거래,2021,2023,경수대로,00581,00000,41173,00,2012008, 호계동,1296,0000,41173,10400,1,평촌어바인퍼스트,2,9,41173-2100,59.87,경기 안양동안구,1296,41173,1, , 
"    65,000",중개거래,1992,2023,동안로,00102,00000,41173,02,3183006, 호계동,1052,0000,41173,10400,1,목련마을2단지대우선경,2,10,41173-115,58.32,경기 안양동안구,1052,41173,13, , 
"    90,500",중개거래,2019,2023,경수대로610번길,00036,00000,41173,01,4349026, 호계동,1287,0000,41173,10400,1,평촌더샵아이파크,2,10,41173-2077,84.98,경기 안양동안구,1287,41173,15, , 
"    40,000",중개거래,2019,2023,안양천동로126번길,00026,00000,41173,01,4349154, 호계동,1294,0000,41173,10400,1,평촌대성유니드,2,10,41173-2076,45.7771,경기 안양동안구,1294,41173,13, , 
"   103,500",중개거래,1992,2023,평촌대로40번길,00100,00000,41173,01,4349210, 호계동,1115,0000,41173,10400,1,샘마을임광,2,10,41173-150,165.33,경기 안양동안구,1115,41173,21, , 
"    72,500",중개거래,1992,2023,동안로,00035,00000,41173,02,3183006, 호계동,1055,0000,41173,10400,1,무궁화효성,2,10,41173-121,84.51,"경기 군포시, 경기 안양동안구",1055,41173,19, , 
"    64,000",중개거래,1992,2023,동안로,00102,00000,41173,02,3183006, 호계동,1052,0000,41173,10400,1,목련마을2단지대우선경,2,10,41173-115,58.32,경기 안양동안구,1052,41173,6, , 
"    32,500",중개거래,1992,2023,동안로,00102,00000,41173,02,3183006, 호계동,1052,0000,41173,10400,1,목련마을2단지대우선경,2,11,41173-115,34.44,경기 안양만안구,1052,41173,6, , 
"    40,000",중개거래,2021,2023,경수대로,00581,00000,41173,00,2012008, 호계동,1296,0000,41173,10400,1,평촌어바인퍼스트,2,11,41173-2100,39.26,경기 안양동안구,1296,41173,8, , 
"    38,000",중개거래,2021,2023,경수대로,00581,00000,41173,00,2012008, 호계동,1296,0000,41173,10400,1,평촌어바인퍼스트,2,11,41173-2100,39.26,경기 안양동안구,1296,41173,19, , 
"    67,000",직거래,2019,2023,경수대로610번길,00036,00000,41173,01,4349026, 호계동,1287,0000,41173,10400,1,평촌더샵아이파크,2,11,41173-2077,59.94, ,1287,41173,6, , 
"    46,000",중개거래,2003,2023,경수대로,00430,00000,41173,02,2012008, 호계동,0813,0000,41173,10400,1,대림e-편한세상,2,11,41173-183,59.982,경기 안양동안구,813,41173,9, , 
"    45,300",중개거래,1993,2023,평촌대로179번길,00030,00000,41173,01,4349196, 호계동,1052,0005,41173,10400,1,목련우성5,2,11,41173-173,41.85,경기 안양동안구,1052-5,41173,6, , 
"    38,000",중개거래,1999,2023,귀인로79번길,00012,00000,41173,01,4349098, 호계동,0923,0030,41173,10400,1,엘디범계마을,2,11,41173-141,84.57,경기 안양동안구,923-30,41173,7, , 
"    67,000",중개거래,2021,2023,경수대로,00583,00000,41173,00,2012008, 호계동,1296,0000,41173,10400,1,평촌어바인퍼스트,2,12,41173-2100,59.87,경기 안양동안구,1296,41173,19, , 
"    64,500",중개거래,2021,2023,경수대로,00583,00000,41173,00,2012008, 호계동,1296,0000,41173,10400,1,평촌어바인퍼스트,2,13,41173-2100,59.87,"경기 안양동안구, 경기 화성시",1296,41173,18, , 
"    35,000",중개거래,1992,2023,동안로,00102,00000,41173,02,3183006, 호계동,1052,0000,41173,10400,1,목련마을2단지대우선경,2,14,41173-115,34.44,경기 안양동안구,1052,41173,7, , 
"    65,000",중개거래,1992,2023,동안로,00102,00000,41173,02,3183006, 호계동,1052,0000,41173,10400,1,목련마을2단지대우선경,2,15,41173-115,58.32,경기 안양동안구,1052,41173,7, , 
"    89,000",중개거래,2021,2023,경수대로,00581,00000,41173,00,2012008, 호계동,1296,0000,41173,10400,1,평촌어바인퍼스트,2,15,41173-2100,84.6,경기 안양동안구,1296,41173,16, , 
"    55,000",중개거래,2015,2023,엘에스로116번길,00056,00000,41173,01,4349274, 호계동,1279,0000,41173,10400,1,금정역호계푸르지오,2,15,41173-1983,59.94,경기 군포시,1279,41173,7, , 
"    73,000",중개거래,2003,2023,경수대로,00462,00000,41173,02,2012008, 호계동,0811,0000,41173,10400,1,호계2차현대홈타운,2,15,41173-182,115.075,경기 안양동안구,811,41173,4, , 
"    57,000",중개거래,1992,2023,동안로,00006,00000,41173,02,3183006, 호계동,1056,0006,41173,10400,1,무궁화진흥,2,15,41173-118,84.63,경기 안양동안구,1056-6,41173,2, , 
"    49,500",중개거래,2003,2023,경수대로,00430,00000,41173,02,2012008, 호계동,0813,0000,41173,10400,1,대림e-편한세상,2,16,41173-183,59.882,경기 안양동안구,813,41173,10, , 
"    60,500",중개거래,1992,2023,동안로,00102,00000,41173,02,3183006, 호계동,1052,0000,41173,10400,1,목련마을2단지대우선경,2,17,41173-115,58.32,경기 안양동안구,1052,41173,2, , 
"    88,600",중개거래,2021,2023,경수대로,00583,00000,41173,00,2012008, 호계동,1296,0000,41173,10400,1,평촌어바인퍼스트,2,17,41173-2100,84.6,경기 안양동안구,1296,41173,15, , 
"    66,000",중개거래,2021,2023,경수대로,00583,00000,41173,00,2012008, 호계동,1296,0000,41173,10400,1,평촌어바인퍼스트,2,17,41173-2100,59.87,경기 안양동안구,1296,41173,16, , 
"    65,000",중개거래,2019,2023,경수대로610번길,00036,00000,41173,01,4349026, 호계동,1287,0000,41173,10400,1,평촌더샵아이파크,2,18,41173-2077,59.8,경기 안양동안구,1287,41173,20, , 
"   128,000",중개거래,1992,2023,동안로,00101,00000,41173,02,3183006, 호계동,1053,0002,41173,10400,1,목련선경,2,19,41173-112,122.44,경기 안양동안구,1053-2,41173,1, , 
"    91,300",중개거래,2019,2023,경수대로610번길,00036,00000,41173,01,4349026, 호계동,1287,0000,41173,10400,1,평촌더샵아이파크,2,19,41173-2077,84.89,경기 안양동안구,1287,41173,8, , 
"    51,000",중개거래,2004,2023,경수대로707번길,00039,00000,41173,01,4349031, 호계동,0923,0021,41173,10400,1,신성미소지움,2,20,41173-212,84.9292,경기 안양동안구,923-21,41173,2, , 
"    86,000",중개거래,2019,2023,경수대로610번길,00036,00000,41173,01,4349026, 호계동,1287,0000,41173,10400,1,평촌더샵아이파크,2,21,41173-2077,74.91,경기 안양동안구,1287,41173,13, , 
"    54,500",중개거래,1992,2023,평촌대로211번길,00021,00000,41173,01,4349198, 호계동,1052,0003,41173,10400,1,목련우성,2,22,41173-114,50.73,경기 안양동안구,1052-3,41173,11, , 
"    64,500",중개거래,2021,2023,경수대로,00583,00000,41173,00,2012008, 호계동,1296,0000,41173,10400,1,평촌어바인퍼스트,2,22,41173-2100,59.87,"경기 안양동안구, 서울 마포구",1296,41173,12, , 
"    71,500",중개거래,2018,2023,경수대로596번길,00062,00012,41173,00,4349024, 호계동,1280,0000,41173,10400,1,신평촌일성트루엘파크,2,22,41173-2058,81.3997,경기 안양동안구,1280,41173,12, , 
"    33,000",중개거래,1992,2023,동안로,00102,00000,41173,02,3183006, 호계동,1052,0000,41173,10400,1,목련마을2단지대우선경,2,24,41173-115,34.44,경기 안양동안구,1052,41173,13, , 
"    68,000",중개거래,2003,2023,경수대로,00430,00000,41173,02,2012008, 호계동,0813,0000,41173,10400,1,대림e-편한세상,2,24,41173-183,84.846,경기 안양동안구,813,41173,19, , 
"    36,000",중개거래,1999,2023,귀인로82번길,00054,00000,41173,01,4349100, 호계동,0931,0000,41173,10400,1,삼성(931),2,24,41173-158,59.4,경기 안양동안구,931,41173,4,23.04.19,O
"    65,000",중개거래,2003,2023,경수대로,00462,00000,41173,02,2012008, 호계동,0811,0000,41173,10400,1,호계2차현대홈타운,2,25,41173-182,84.973,"경기 안양동안구, 경기 의왕시",811,41173,19, , 
"    92,000",중개거래,2019,2023,경수대로610번길,00036,00000,41173,01,4349026, 호계동,1287,0000,41173,10400,1,평촌더샵아이파크,2,25,41173-2077,84.98,"경기 안양동안구, 경기 안양만안구",1287,41173,11, , 
"    50,000",중개거래,2003,2023,경수대로,00462,00000,41173,02,2012008, 호계동,0811,0000,41173,10400,1,호계2차현대홈타운,2,25,41173-182,59.977,경기 안양동안구,811,41173,14, , 
"    48,000",중개거래,2005,2023,경수대로685번길,00012,00000,41173,01,4349030, 호계동,0923,0035,41173,10400,1,호계임광그대가3차,2,25,41173-1817,84.957,경기 안양동안구,923-35,41173,10, , 
"    65,500",중개거래,2021,2023,경수대로,00583,00000,41173,00,2012008, 호계동,1296,0000,41173,10400,1,평촌어바인퍼스트,2,27,41173-2100,59.52,"경기 안양동안구, 서울 서초구",1296,41173,3, , 
"    14,500",중개거래,2018,2023,경수대로,00769,00000,41173,00,2012008, 호계동,0903,0004,41173,10400,1,한스하임,2,28,41173-2051,16.81,경기 안양동안구,903-4,41173,3, , 
"    53,000",중개거래,2021,2023,경수대로,00581,00000,41173,00,2012008, 호계동,1296,0000,41173,10400,1,평촌어바인퍼스트,2,28,41173-2100,46.94,경기 안양동안구,1296,41173,11, , 
"    50,500",중개거래,1992,2023,학의로,00020,00000,41173,01,3012016, 비산동,1102,0000,41173,10100,1,관악,3,1,41173-2,59.4,경기 안양동안구,1102,41173,12, , 
"    60,000",중개거래,2005,2023,안양천동로,00162,00000,41173,01,3183010, 비산동,0576,0007,41173,10100,1,비산힐스테이트,3,1,41173-190,82.2,경기 안양동안구,576-7,41173,10, , 
"    37,000",중개거래,1993,2023,동안로159번길,00014,00000,41173,01,4349104, 비산동,1103,0005,41173,10100,1,은하수마을한양,3,1,41173-22,35.1,경기 안양동안구,1103-5,41173,15, , 
"    35,400",중개거래,1993,2023,학의로,00098,00000,41173,01,3012016, 비산동,1101,0006,41173,10100,1,샛별한양4-2,3,1,41173-16,41.265,경기 안양동안구,1101-6,41173,12, , 
"    64,500",중개거래,2003,2023,관악대로106번길,00053,00000,41173,00,4349042, 비산동,0408,0000,41173,10100,1,비산롯데캐슬,3,2,41173-179,82.245,경기 안양동안구,408,41173,18, , 
"    31,800",중개거래,1993,2023,달안로,00078,00000,41173,01,3183005, 비산동,1109,0004,41173,10100,1,샛별한양6(고층1109-4),3,2,41173-216,35.1,경기 안양동안구,1109-4,41173,15, , 
"    72,500",중개거래,1992,2023,시민대로159번길,00062,00000,41173,01,4349145, 비산동,1103,0000,41173,10100,1,은하수벽산,3,3,41173-23,84.9,경기 안양동안구,1103,41173,7, , 
"    92,000",중개거래,2021,2023,비산로,00022,00000,41173,00,3183009, 비산동,1185,0000,41173,10100,1,평촌자이아이파크,3,3,41173-2108,84.989,경기 안양동안구,1185,41173,20, , 
"    59,000",중개거래,2007,2023,임곡로,00016,00000,41173,01,3183020, 비산동,1163,0000,41173,10100,1,안양임곡휴먼시아,3,3,41173-1855,84.99,경기 안양동안구,1163,41173,9, , 
"    33,900",중개거래,1993,2023,달안로,00078,00000,41173,01,3183005, 비산동,1109,0004,41173,10100,1,샛별한양6(고층1109-4),3,3,41173-216,35.1,"경기 안양동안구, 서울 강남구",1109-4,41173,7, , 
"    54,800",중개거래,2003,2023,관악대로,00135,00000,41173,00,2182001, 비산동,0425,0000,41173,10100,1,삼성래미안,3,3,41173-180,59.881,경기 안양동안구,425,41173,5, , 
"    49,500",중개거래,2003,2023,관악대로106번길,00029,00000,41173,00,4349042, 비산동,0408,0000,41173,10100,1,비산롯데캐슬,3,3,41173-179,56.844,경기 안양동안구,408,41173,13, , 
"    46,000",중개거래,1993,2023,달안로,00062,00000,41173,01,3183005, 비산동,1109,0000,41173,10100,1,샛별한양6(고층1109),3,3,41173-170,42.615,경기 안양동안구,1109,41173,7, , 
"    65,000",중개거래,1992,2023,학의로,00020,00000,41173,01,3012016, 비산동,1102,0000,41173,10100,1,관악,3,4,41173-2,84.945,경기 안양동안구,1102,41173,1, , 
"    36,500",중개거래,1992,2023,평촌대로253번길,00018,00000,41173,01,4349204, 비산동,1109,0006,41173,10100,1,샛별한양6(고층1109-6),3,5,41173-217,35.1,"경기 안양동안구, 서울 강남구",1109-6,41173,11, , 
"    50,000",중개거래,1992,2023,학의로,00020,00000,41173,01,3012016, 비산동,1102,0000,41173,10100,1,관악,3,6,41173-2,59.4,경기 안양동안구,1102,41173,15, , 
"    34,000",중개거래,1993,2023,학의로,00098,00000,41173,01,3012016, 비산동,1101,0006,41173,10100,1,샛별한양4-2,3,6,41173-16,41.265,경기 안양동안구,1101-6,41173,9, , 
"    34,500",중개거래,1993,2023,달안로,00062,00000,41173,01,3183005, 비산동,1109,0000,41173,10100,1,샛별한양6(고층1109),3,7,41173-170,35.1,경기 안양동안구,1109,41173,4, , 
"    72,000",중개거래,2008,2023,관악대로,00171,00000,41173,01,2182001, 비산동,1165,0000,41173,10100,1,이-편한세상,3,7,41173-1872,84.988,경기 안양동안구,1165,41173,2, , 
"    28,000",중개거래,1993,2023,달안로,00078,00000,41173,01,3183005, 비산동,1109,0004,41173,10100,1,샛별한양6(고층1109-4),3,7,41173-216,28.215,경기 안양동안구,1109-4,41173,6, , 
"    56,800",중개거래,1981,2023,동안로,00283,00000,41173,01,3183006, 비산동,0354,0010,41173,10100,1,"뉴타운1,2,3",3,8,41173-6,75.54,경기 안양동안구,354-10,41173,10, , 
"    37,000",중개거래,1993,2023,달안로,00061,00000,41173,01,3183005, 비산동,1101,0002,41173,10100,1,샛별마을한양4-1,3,9,41173-15,42.615,경기 안양동안구,1101-2,41173,12, , 
"    58,200",중개거래,2003,2023,관악대로106번길,00029,00000,41173,00,4349042, 비산동,0408,0000,41173,10100,1,비산롯데캐슬,3,10,41173-179,82.245,경기 안양동안구,408,41173,1, , 
"    48,800",중개거래,1992,2023,평촌대로253번길,00018,00000,41173,01,4349204, 비산동,1109,0006,41173,10100,1,샛별한양6(고층1109-6),3,10,41173-217,42.615,"경기 안양동안구, 서울 강남구",1109-6,41173,12, , 
"    56,000",중개거래,2003,2023,관악대로,00135,00000,41173,00,2182001, 비산동,0425,0000,41173,10100,1,삼성래미안,3,10,41173-180,59.881,경기 안양동안구,425,41173,13, , 
"    59,000",중개거래,2003,2023,관악대로,00135,00000,41173,00,2182001, 비산동,0425,0000,41173,10100,1,삼성래미안,3,10,41173-180,59.871,경기 안양동안구,425,41173,3, , 
"    54,000",중개거래,1993,2023,학의로,00046,00000,41173,01,3012016, 비산동,1102,0004,41173,10100,1,관악부영4,3,11,41173-3,59.44,경기 안양동안구,1102-4,41173,9, , 
"    33,000",중개거래,1993,2023,달안로,00078,00000,41173,01,3183005, 비산동,1109,0004,41173,10100,1,샛별한양6(고층1109-4),3,11,41173-216,35.1,경기 안양동안구,1109-4,41173,6, , 
"    63,000",중개거래,2005,2023,안양천동로,00162,00000,41173,01,3183010, 비산동,0576,0007,41173,10100,1,비산힐스테이트,3,11,41173-190,82.2,경기 안양동안구,576-7,41173,14, , 
"    71,000",중개거래,2003,2023,관악대로,00135,00000,41173,00,2182001, 비산동,0425,0000,41173,10100,1,삼성래미안,3,11,41173-180,84.918,경기 안양동안구,425,41173,17, , 
"    56,000",중개거래,2003,2023,관악대로,00135,00000,41173,00,2182001, 비산동,0425,0000,41173,10100,1,삼성래미안,3,11,41173-180,59.871,경기 안양동안구,425,41173,25, , 
"    28,000",중개거래,1982,2023,관악대로69번길,00014,00000,41173,01,4349074, 비산동,0557,0007,41173,10100,1,성도,3,13,41173-17,51.8,경기 안양만안구,557-7,41173,3, , 
"    31,500",중개거래,1993,2023,달안로,00062,00000,41173,01,3183005, 비산동,1109,0000,41173,10100,1,샛별한양6(고층1109),3,13,41173-170,35.1,경기 안양동안구,1109,41173,12, , 
"    48,000",직거래,1992,2023,학의로,00020,00000,41173,01,3012016, 비산동,1102,0000,41173,10100,1,관악,3,14,41173-2,84.72, ,1102,41173,10, , 
"    54,500",중개거래,2003,2023,관악대로,00135,00000,41173,00,2182001, 비산동,0425,0000,41173,10100,1,삼성래미안,3,14,41173-180,59.871,경기 안양동안구,425,41173,19, , 
"    70,000",중개거래,1993,2023,학의로,00098,00000,41173,01,3012016, 비산동,1101,0006,41173,10100,1,샛별한양4-2,3,14,41173-16,84.9,경기 안양동안구,1101-6,41173,21, , 
"    83,000",중개거래,1992,2023,달안로,00040,00000,41173,01,3183005, 비산동,1103,0004,41173,10100,1,은하수신성,3,16,41173-24,84.6,경기 안양동안구,1103-4,41173,18, , 
"    51,000",중개거래,2003,2023,임곡로,00043,00000,41173,01,3183020, 비산동,1155,0000,41173,10100,1,더포레스트힐,3,17,41173-186,59.93,경기 안양동안구,1155,41173,16, , 
"    32,900",중개거래,1993,2023,달안로,00062,00000,41173,01,3183005, 비산동,1109,0000,41173,10100,1,샛별한양6(고층1109),3,18,41173-170,35.1,경기 안양동안구,1109,41173,4, , 
"    68,000",중개거래,2021,2023,비산로,00022,00000,41173,00,3183009, 비산동,1185,0000,41173,10100,1,평촌자이아이파크,3,18,41173-2108,59.9887,경기 안양동안구,1185,41173,20, , 
"    75,000",중개거래,2003,2023,관악대로,00135,00000,41173,00,2182001, 비산동,0425,0000,41173,10100,1,삼성래미안,3,18,41173-180,84.918,경기 안양동안구,425,41173,20, , 
"    44,500",중개거래,1992,2023,동안로,00209,00000,41173,01,3183006, 비산동,1102,0007,41173,10100,1,관악성원,3,19,41173-4,49.68,경기 안양동안구,1102-7,41173,11, , 
"    58,500",중개거래,2003,2023,관악대로,00135,00000,41173,00,2182001, 비산동,0425,0000,41173,10100,1,삼성래미안,3,21,41173-180,59.881,경기 안양동안구,425,41173,13,23.04.18,O
"    81,000",중개거래,2009,2023,경수대로883번길,00033,00000,41173,01,4349038, 비산동,0572,0000,41173,10100,1,한화꿈에그린,3,21,41173-1889,132.064,서울 서초구,572,41173,4, , 
"    33,000",중개거래,1993,2023,달안로,00078,00000,41173,01,3183005, 비산동,1109,0004,41173,10100,1,샛별한양6(고층1109-4),3,21,41173-216,35.1,경기 안양동안구,1109-4,41173,5, , 
"    28,000",중개거래,2003,2023,임곡로80번길,00033,00000,41173,01,4349188, 비산동,1155,0000,41173,10100,1,더포레스트힐,3,23,41173-186,39.69,"경기 안양동안구, 서울 강남구",1155,41173,20, , 
"    52,000",중개거래,1992,2023,평촌대로253번길,00018,00000,41173,01,4349204, 비산동,1109,0006,41173,10100,1,샛별한양6(고층1109-6),3,23,41173-217,49.68,경기 안양동안구,1109-6,41173,4, , 
"    31,800",중개거래,2003,2023,임곡로,00043,00000,41173,01,3183020, 비산동,1155,0000,41173,10100,1,더포레스트힐,3,24,41173-186,49.48,경기 안양동안구,1155,41173,15, , 
"    70,000",중개거래,1992,2023,학의로,00020,00000,41173,01,3012016, 비산동,1102,0000,41173,10100,1,관악,3,25,41173-2,84.945,경기 안양동안구,1102,41173,10, , 
"    59,500",중개거래,2005,2023,안양천동로,00162,00000,41173,01,3183010, 비산동,0576,0007,41173,10100,1,비산힐스테이트,3,25,41173-190,82.2,"경기 안양동안구, 경기 안양만안구",576-7,41173,3, , 
"    56,000",중개거래,1995,2023,일동로,00015,00000,41173,01,3183013, 비산동,1028,0020,41173,10100,1,성원,3,25,41173-18,84.84,경기 안양동안구,1028-20,41173,14, , 
"    50,000",중개거래,1992,2023,학의로,00020,00000,41173,01,3012016, 비산동,1102,0000,41173,10100,1,관악,3,25,41173-2,59.4,경기 안양동안구,1102,41173,15, , 
"    67,000",중개거래,1992,2023,학의로,00020,00000,41173,01,3012016, 비산동,1102,0000,41173,10100,1,관악,3,25,41173-2,84.72,경기 안양동안구,1102,41173,25, , 
"    42,000",중개거래,1993,2023,달안로,00078,00000,41173,01,3183005, 비산동,1109,0004,41173,10100,1,샛별한양6(고층1109-4),3,28,41173-216,49.68,경기 안양동안구,1109-4,41173,1, , 
"    28,000",중개거래,1993,2023,달안로,00078,00000,41173,01,3183005, 비산동,1109,0004,41173,10100,1,샛별한양6(고층1109-4),3,28,41173-216,28.215,경기 안양동안구,1109-4,41173,14, , 
"    32,750",중개거래,1993,2023,달안로,00078,00000,41173,01,3183005, 비산동,1109,0004,41173,10100,1,샛별한양6(고층1109-4),3,29,41173-216,35.1,경기 안양동안구,1109-4,41173,2, , 
"    70,000",중개거래,1985,2023,동안로,00280,00000,41173,01,3183006, 비산동,0245,0000,41173,10100,1,뉴타운4,3,30,41173-175,66.6,경기 안양동안구,245,41173,3, , 
"    50,500",중개거래,2003,2023,임곡로,00043,00000,41173,01,3183020, 비산동,1155,0000,41173,10100,1,더포레스트힐,3,30,41173-186,59.93,경기 안양동안구,1155,41173,12, , 
"    60,000",중개거래,1993,2023,학의로,00046,00000,41173,01,3012016, 비산동,1102,0004,41173,10100,1,관악부영4,3,31,41173-3,84.63,경기 안양동안구,1102-4,41173,1, , 
"    46,000",중개거래,2003,2023,임곡로,00043,00000,41173,01,3183020, 비산동,1155,0000,41173,10100,1,더포레스트힐,3,31,41173-186,59.93,경기 안양동안구,1155,41173,9, , 
"    58,500",중개거래,2003,2023,관악대로,00135,00000,41173,00,2182001, 비산동,0425,0000,41173,10100,1,삼성래미안,3,31,41173-180,59.881,경기 안양동안구,425,41173,13, , 
"    73,500",중개거래,2003,2023,관악대로,00135,00000,41173,00,2182001, 비산동,0425,0000,41173,10100,1,삼성래미안,3,31,41173-180,84.918,경기 안양동안구,425,41173,3, , 
"    37,500",중개거래,1993,2023,동안로159번길,00014,00000,41173,01,4349104, 비산동,1103,0005,41173,10100,1,은하수마을한양,3,31,41173-22,35.1,경기 안양동안구,1103-5,41173,15, , 
"    45,000",중개거래,1993,2023,동안로159번길,00014,00000,41173,01,4349104, 비산동,1103,0005,41173,10100,1,은하수마을한양,3,31,41173-22,42.615,경기 안양동안구,1103-5,41173,8, , 
"    45,200",중개거래,1996,2023,달안로,00110,00000,41173,02,3183005, 관양동,1589,0000,41173,10200,1,한가람(세경),3,2,41173-66,49.68,"경기 광명시, 경기 안양동안구",1589,41173,15, , 
"    80,000",중개거래,2016,2023,시민대로327번길,00055,00000,41173,00,4349275, 관양동,1815,0000,41173,10200,1,평촌더샵센트럴시티,3,2,41173-2008,59.997,경기 안양동안구,1815,41173,12, , 
"    36,000",중개거래,1993,2023,관평로212번길,00021,00000,41173,01,4349083, 관양동,1588,0000,41173,10200,1,공작아파트,3,3,41173-39,37.85,경기 안양동안구,1588,41173,2, , 
"    45,000",중개거래,1993,2023,학의로,00168,00000,41173,02,3012016, 관양동,1587,0000,41173,10200,1,공작럭키,3,4,41173-38,49.8,경기 안양동안구,1587,41173,13, , 
"    32,000",중개거래,1992,2023,달안로,00124,00000,41173,02,3183005, 관양동,1589,0001,41173,10200,1,한가람(신라),3,4,41173-67,38.33,경기 안양동안구,1589-1,41173,15, , 
"    58,000",중개거래,1992,2023,달안로,00125,00000,41173,02,3183005, 관양동,1586,0006,41173,10200,1,한가람(두산),3,4,41173-64,59.97,경기 안양동안구,1586-6,41173,10, , 
"    69,900",중개거래,1998,2023,안양판교로,00042,00000,41173,01,3012010, 관양동,1510,0001,41173,10200,1,인덕원마을(삼성),3,8,41173-61,59.8,경기 안양동안구,1510-1,41173,9, , 
"   108,000",중개거래,2016,2023,시민대로327번길,00055,00000,41173,00,4349275, 관양동,1815,0000,41173,10200,1,평촌더샵센트럴시티,3,9,41173-2008,84.9887,경기 안양동안구,1815,41173,6, , 
"    91,000",중개거래,2012,2023,동편로,00110,00000,41173,01,3183022, 관양동,1651,0000,41173,10200,1,동편마을(3단지),3,11,41173-1906,84.97,경기 안양동안구,1651,41173,14, , 
"    91,000",중개거래,1985,2023,관평로,00333,00000,41173,01,3183003, 관양동,1396,0000,41173,10200,1,현대,3,13,41173-981,123.6,경기 안양동안구,1396,41173,2, , 
"    45,500",중개거래,1996,2023,달안로,00110,00000,41173,02,3183005, 관양동,1589,0000,41173,10200,1,한가람(세경),3,14,41173-66,49.68,경기 안양동안구,1589,41173,10, , 
"    47,500",중개거래,1996,2023,달안로,00110,00000,41173,02,3183005, 관양동,1589,0000,41173,10200,1,한가람(세경),3,16,41173-66,49.68,경기 안양동안구,1589,41173,11, , 
"    84,000",중개거래,2016,2023,시민대로327번길,00055,00000,41173,00,4349275, 관양동,1815,0000,41173,10200,1,평촌더샵센트럴시티,3,16,41173-2008,59.997,경기 안양동안구,1815,41173,24, , 
"    37,000",중개거래,1995,2023,학의로,00120,00000,41173,02,3012016, 관양동,1586,0000,41173,10200,1,한가람(한양),3,20,41173-68,41.09,"경기 군포시, 경기 안양동안구",1586,41173,5, , 
"    95,000",중개거래,2012,2023,동편로,00110,00000,41173,01,3183022, 관양동,1651,0000,41173,10200,1,동편마을(3단지),3,22,41173-1906,84.96,경기 안양동안구,1651,41173,9, , 
"    45,000",중개거래,1993,2023,관평로212번길,00021,00000,41173,01,4349083, 관양동,1588,0000,41173,10200,1,공작아파트,3,25,41173-39,50,경기 안양동안구,1588,41173,11, , 
"    32,000",중개거래,1992,2023,달안로,00124,00000,41173,02,3183005, 관양동,1589,0001,41173,10200,1,한가람(신라),3,25,41173-67,38.33,경기 안양동안구,1589-1,41173,4, , 
"    84,000",중개거래,1998,2023,안양판교로,00042,00000,41173,01,3012010, 관양동,1510,0001,41173,10200,1,인덕원마을(삼성),3,25,41173-61,84.93,경기 안양동안구,1510-1,41173,24, , 
"    69,900",중개거래,1993,2023,달안로,00153,00000,41173,02,3183005, 관양동,1587,0005,41173,10200,1,공작성일,3,25,41173-40,79.02,경기 안양동안구,1587-5,41173,7,23.04.21,O
"    38,500",중개거래,1992,2023,달안로,00124,00000,41173,02,3183005, 관양동,1589,0001,41173,10200,1,한가람(신라),3,26,41173-67,45.8,경기 안양동안구,1589-1,41173,8, , 
"    46,500",중개거래,1996,2023,달안로,00110,00000,41173,02,3183005, 관양동,1589,0000,41173,10200,1,한가람(세경),3,27,41173-66,51.75,경기 안양동안구,1589,41173,4, , 
"    40,000",중개거래,2017,2023,관악대로360번길,00028,00016,41173,00,4349065, 관양동,1453,0013,41173,10200,1,U-포그니,3,27,41173-2049,68.66,경기 안양동안구,1453-13,41173,2, , 
"    39,500",중개거래,1993,2023,학의로,00168,00000,41173,02,3012016, 관양동,1587,0000,41173,10200,1,공작럭키,3,28,41173-38,49.8,경기 안양동안구,1587,41173,1, , 
"    43,000",중개거래,1986,2023,관평로319번길,00007,00000,41173,01,4349086, 관양동,1398,0000,41173,10200,1,뉴골든,3,28,41173-985,63.18,경기 안양동안구,1398,41173,2, , 
"    50,000",중개거래,1996,2023,달안로,00110,00000,41173,02,3183005, 관양동,1589,0000,41173,10200,1,한가람(세경),3,28,41173-66,51.75,경기 안양동안구,1589,41173,21, , 
"    70,000",중개거래,1998,2023,안양판교로,00042,00000,41173,01,3012010, 관양동,1510,0001,41173,10200,1,인덕원마을(삼성),3,30,41173-61,59.8,경기 안양동안구,1510-1,41173,22, , 
"    40,500",중개거래,1993,2023,학의로,00168,00000,41173,02,3012016, 관양동,1587,0000,41173,10200,1,공작럭키,3,31,41173-38,49.8,경기 안양동안구,1587,41173,4, , 
"    73,500",중개거래,2001,2023,학의로,00390,00000,41173,03,3012016, 평촌동,0075,0002,41173,10300,1,인덕원대우,3,1,41173-78,84.96,"경기 안양동안구, 경기 의왕시",75-2,41173,24, , 
"   119,000",중개거래,1993,2023,부림로,00013,00000,41173,02,3183008, 평촌동,0932,0007,41173,10300,1,꿈마을현대,3,1,41173-95,134.88,경기 안양동안구,932-7,41173,2, , 
"   107,000",중개거래,1993,2023,관평로,00088,00000,41173,02,3183003, 평촌동,0932,0002,41173,10300,1,꿈마을금호,3,2,41173-74,101.97,경기 안양동안구,932-2,41173,15, , 
"    72,000",중개거래,1993,2023,귀인로,00213,00000,41173,01,3183004, 평촌동,0899,0007,41173,10300,1,향촌마을현대5차,3,2,41173-94,59.76,경기 안양동안구,899-7,41173,13, , 
"    39,000",중개거래,1992,2023,관평로138번길,00063,00000,41173,01,4349077, 평촌동,0896,0006,41173,10300,1,초원부영,3,2,41173-88,37.85,경기 안양동안구,896-6,41173,10, , 
"    76,000",중개거래,1992,2023,관평로138번길,00012,00000,41173,01,4349077, 평촌동,0898,0000,41173,10300,1,초원성원,3,3,41173-84,84.99,경기 안양동안구,898,41173,9, , 
"    50,000",중개거래,1993,2023,부림로,00080,00000,41173,02,3183008, 평촌동,0897,0005,41173,10300,1,초원한양,3,3,41173-89,59.4,"경기 광명시, 경기 안양동안구",897-5,41173,1, , 
"    78,000",중개거래,1993,2023,귀인로,00213,00000,41173,01,3183004, 평촌동,0899,0007,41173,10300,1,향촌마을현대5차,3,4,41173-94,59.76,"경기 군포시, 경기 안양동안구",899-7,41173,9, , 
"    77,000",중개거래,2002,2023,귀인로,00210,00000,41173,01,3183004, 평촌동,0314,0000,41173,10300,1,귀인마을현대홈타운,3,4,41173-97,56.065,경기 안양동안구,314,41173,16, , 
"    64,700",중개거래,1993,2023,부림로,00055,00000,41173,02,3183008, 평촌동,0898,0006,41173,10300,1,초원마을대원,3,5,41173-79,59.94,경기 안양동안구,898-6,41173,6, , 
"    89,200",중개거래,1993,2023,귀인로,00213,00000,41173,01,3183004, 평촌동,0899,0007,41173,10300,1,향촌마을현대5차,3,6,41173-94,84.75,경기 안양동안구,899-7,41173,2, , 
"    59,900",중개거래,2004,2023,흥안대로414번길,00039,00000,41173,01,4349231, 평촌동,0101,0000,41173,10300,1,인덕원대림2차,3,6,41173-208,59.84,경기 의왕시,101,41173,6, , 
"    62,500",중개거래,2001,2023,학의로,00390,00000,41173,03,3012016, 평촌동,0075,0002,41173,10300,1,인덕원대우,3,7,41173-78,59.92,"경기 군포시, 경기 안양동안구",75-2,41173,17, , 
"    71,900",중개거래,2001,2023,학의로,00390,00000,41173,03,3012016, 평촌동,0075,0002,41173,10300,1,인덕원대우,3,7,41173-78,84.96,경기 안양동안구,75-2,41173,20, , 
"   117,000",중개거래,1993,2023,관평로,00088,00000,41173,02,3183003, 평촌동,0932,0002,41173,10300,1,꿈마을금호,3,8,41173-74,133.59,경기 안양동안구,932-2,41173,1, , 
"    72,000",중개거래,2001,2023,학의로,00390,00000,41173,03,3012016, 평촌동,0075,0002,41173,10300,1,인덕원대우,3,10,41173-78,84.96,경기 안양동안구,75-2,41173,15, , 
"    75,000",중개거래,2002,2023,귀인로,00210,00000,41173,01,3183004, 평촌동,0314,0000,41173,10300,1,귀인마을현대홈타운,3,10,41173-97,56.065,"경기 안양동안구, 서울 강남구",314,41173,5, , 
"    75,000",중개거래,1993,2023,부림로,00052,00000,41173,02,3183008, 평촌동,0897,0007,41173,10300,1,초원LG,3,10,41173-81,84.9,경기 안양동안구,897-7,41173,11, , 
"    70,000",중개거래,1993,2023,부림로,00080,00000,41173,02,3183008, 평촌동,0897,0005,41173,10300,1,초원한양,3,11,41173-89,84.9,경기 안양동안구,897-5,41173,16, , 
"    74,800",중개거래,1993,2023,평촌대로180번길,00028,00000,41173,01,4349197, 평촌동,0899,0000,41173,10300,1,향촌롯데,3,11,41173-93,59.76,경기 안양동안구,899,41173,18, , 
"   108,000",중개거래,1993,2023,관평로,00068,00000,41173,02,3183003, 평촌동,0932,0004,41173,10300,1,꿈마을한신,3,11,41173-91,96.66,경기 안양동안구,932-4,41173,8, , 
"    61,900",중개거래,1992,2023,관평로138번길,00012,00000,41173,01,4349077, 평촌동,0898,0000,41173,10300,1,초원성원,3,13,41173-84,59.94,경기 안양동안구,898,41173,13, , 
"    30,000",중개거래,1992,2023,관평로138번길,00063,00000,41173,01,4349077, 평촌동,0896,0006,41173,10300,1,초원부영,3,13,41173-88,37.85,경기 안양동안구,896-6,41173,3, , 
"    64,800",중개거래,1993,2023,부림로,00055,00000,41173,02,3183008, 평촌동,0898,0006,41173,10300,1,초원마을대원,3,14,41173-79,59.94,경기 안양동안구,898-6,41173,9, , 
"   148,000",중개거래,1993,2023,관평로,00088,00000,41173,02,3183003, 평촌동,0932,0002,41173,10300,1,꿈마을금호,3,15,41173-74,133.59,"경기 안양동안구, 경기 의왕시",932-2,41173,21, , 
"   108,000",중개거래,1994,2023,귀인로,00294,00000,41173,01,3183004, 평촌동,0933,0007,41173,10300,1,꿈마을동아,3,15,41173-80,130.08,경기 의왕시,933-7,41173,24, , 
"    40,500",중개거래,1992,2023,관평로138번길,00063,00000,41173,01,4349077, 평촌동,0896,0006,41173,10300,1,초원부영,3,16,41173-88,37.85,경기 안양동안구,896-6,41173,11, , 
"    99,000",중개거래,1992,2023,귀인로,00193,00000,41173,01,3183004, 평촌동,0899,0002,41173,10300,1,향촌마을현대4차,3,16,41173-96,84.99,경기 안양동안구,899-2,41173,9, , 
"    74,900",중개거래,2001,2023,학의로,00390,00000,41173,03,3012016, 평촌동,0075,0002,41173,10300,1,인덕원대우,3,17,41173-78,84.96,경기 안양동안구,75-2,41173,20, , 
"    71,000",중개거래,1993,2023,귀인로,00213,00000,41173,01,3183004, 평촌동,0899,0007,41173,10300,1,향촌마을현대5차,3,17,41173-94,59.76,경기 안양동안구,899-7,41173,15, , 
"    54,000",중개거래,1993,2023,부림로,00080,00000,41173,02,3183008, 평촌동,0897,0005,41173,10300,1,초원한양,3,17,41173-89,59.4,경기 안양동안구,897-5,41173,13, , 
"    41,800",중개거래,1992,2023,관평로138번길,00063,00000,41173,01,4349077, 평촌동,0896,0006,41173,10300,1,초원부영,3,17,41173-88,37.85,경기 안양동안구,896-6,41173,6, , 
"    82,000",중개거래,1993,2023,귀인로,00237,00000,41173,01,3183004, 평촌동,0898,0002,41173,10300,1,초원마을대림,3,17,41173-87,84.92,경기 안양동안구,898-2,41173,10, , 
"    61,400",중개거래,1993,2023,부림로,00055,00000,41173,02,3183008, 평촌동,0898,0006,41173,10300,1,초원마을대원,3,17,41173-79,59.94,경기 안양동안구,898-6,41173,12, , 
"    63,500",중개거래,2001,2023,학의로,00390,00000,41173,03,3012016, 평촌동,0075,0002,41173,10300,1,인덕원대우,3,17,41173-78,59.92,"경기 안양동안구, 경기 용인수지구",75-2,41173,4, , 
"    71,800",중개거래,2001,2023,학의로,00390,00000,41173,03,3012016, 평촌동,0075,0002,41173,10300,1,인덕원대우,3,17,41173-78,84.96,경기 안양동안구,75-2,41173,9, , 
"    72,500",중개거래,2001,2023,학의로,00390,00000,41173,03,3012016, 평촌동,0075,0002,41173,10300,1,인덕원대우,3,18,41173-78,84.96,경기 의왕시,75-2,41173,26, , 
"    78,000",중개거래,1993,2023,귀인로,00237,00000,41173,01,3183004, 평촌동,0898,0002,41173,10300,1,초원마을대림,3,18,41173-87,84.92,경기 안양동안구,898-2,41173,2, , 
"    62,700",중개거래,2004,2023,흥안대로414번길,00039,00000,41173,01,4349231, 평촌동,0101,0000,41173,10300,1,인덕원대림2차,3,19,41173-208,59.84,경기 의왕시,101,41173,12, , 
"    81,500",중개거래,2001,2023,학의로408번길,00013,00000,41173,00,4349217, 평촌동,0075,0002,41173,10300,1,인덕원대우,3,21,41173-78,84.96,경기 안양동안구,75-2,41173,23, , 
"    60,300",중개거래,2004,2023,흥안대로414번길,00039,00000,41173,01,4349231, 평촌동,0101,0000,41173,10300,1,인덕원대림2차,3,21,41173-208,59.84,경기 안양동안구,101,41173,4, , 
"    67,000",중개거래,1993,2023,귀인로,00213,00000,41173,01,3183004, 평촌동,0899,0007,41173,10300,1,향촌마을현대5차,3,21,41173-94,59.76,경기 안양동안구,899-7,41173,2, , 
"    31,950",중개거래,1985,2023,평의길,00017,00000,41173,01,4012001, 평촌동,0132,0003,41173,10300,1,한미(132-3),3,22,41173-90,42.66,경기 안양동안구,132-3,41173,4, , 
"   100,000",중개거래,1993,2023,평촌대로180번길,00028,00000,41173,01,4349197, 평촌동,0899,0000,41173,10300,1,향촌롯데,3,22,41173-93,84.84,경기 안양동안구,899,41173,1, , 
"   120,000",중개거래,1993,2023,부림로,00034,00000,41173,02,3183008, 평촌동,0933,0000,41173,10300,1,꿈마을우성,3,23,41173-76,132.69,경기 안양동안구,933,41173,6, , 
"    58,500",중개거래,2001,2023,학의로,00390,00000,41173,03,3012016, 평촌동,0075,0002,41173,10300,1,인덕원대우,3,23,41173-78,84.96,경기 안양동안구,75-2,41173,3, , 
"    59,000",중개거래,2001,2023,학의로,00390,00000,41173,03,3012016, 평촌동,0075,0002,41173,10300,1,인덕원대우,3,23,41173-78,60,경기 안양동안구,75-2,41173,10, , 
"    53,700",중개거래,1993,2023,부림로,00080,00000,41173,02,3183008, 평촌동,0897,0005,41173,10300,1,초원한양,3,24,41173-89,59.4,경기 안양동안구,897-5,41173,9, , 
"    86,500",중개거래,2002,2023,귀인로,00210,00000,41173,01,3183004, 평촌동,0314,0000,41173,10300,1,귀인마을현대홈타운,3,24,41173-97,80.374,경기 안양동안구,314,41173,4, , 
"    84,500",중개거래,1992,2023,귀인로,00258,00000,41173,01,3183004, 평촌동,0932,0006,41173,10300,1,꿈마을라이프,3,25,41173-75,84.93,경기 안양동안구,932-6,41173,19, , 
"    95,000",중개거래,2002,2023,귀인로,00210,00000,41173,01,3183004, 평촌동,0314,0000,41173,10300,1,귀인마을현대홈타운,3,25,41173-97,80.374,경기 안양동안구,314,41173,19, , 
"    96,000",중개거래,2002,2023,귀인로,00208,00000,41173,00,3183004, 평촌동,0314,0000,41173,10300,1,귀인마을현대홈타운,3,25,41173-97,80.374,경기 안양동안구,314,41173,9,23.04.18,O
"    96,000",중개거래,2002,2023,귀인로,00208,00000,41173,00,3183004, 평촌동,0314,0000,41173,10300,1,귀인마을현대홈타운,3,25,41173-97,80.374,경기 안양동안구,314,41173,9, , 
"    54,900",중개거래,1993,2023,부림로,00080,00000,41173,02,3183008, 평촌동,0897,0005,41173,10300,1,초원한양,3,25,41173-89,59.4,"경기 안양동안구, 서울 송파구",897-5,41173,13, , 
"    65,500",중개거래,1993,2023,부림로,00055,00000,41173,02,3183008, 평촌동,0898,0006,41173,10300,1,초원마을대원,3,25,41173-79,59.94,경기 안양동안구,898-6,41173,4, , 
"    65,000",중개거래,2000,2023,흥안대로456번길,00066,00000,41173,01,4349235, 평촌동,0034,0000,41173,10300,1,삼성래미안,3,26,41173-82,84.99,경기 안양동안구,34,41173,14, , 
"    59,500",중개거래,1993,2023,귀인로,00237,00000,41173,01,3183004, 평촌동,0898,0002,41173,10300,1,초원마을대림,3,27,41173-87,59.742,경기 안양동안구,898-2,41173,8, , 
"    96,000",중개거래,1993,2023,부림로,00010,00000,41173,02,3183008, 평촌동,0933,0006,41173,10300,1,꿈마을건영5차,3,28,41173-73,102,경기 안양동안구,933-6,41173,7, , 
"    64,000",중개거래,2001,2023,학의로,00390,00000,41173,03,3012016, 평촌동,0075,0002,41173,10300,1,인덕원대우,3,29,41173-78,59.92,경기 안양동안구,75-2,41173,18, , 
"    53,000",중개거래,2000,2023,흥안대로,00446,00020,41173,02,2000018, 평촌동,0093,0001,41173,10300,1,인덕원대림1차,3,30,41173-86,84.87,경기 안양동안구,93-1,41173,7, , 
"    77,500",중개거래,1993,2023,귀인로,00237,00000,41173,01,3183004, 평촌동,0898,0002,41173,10300,1,초원마을대림,3,30,41173-87,84.92,경기 안양동안구,898-2,41173,2, , 
"    75,000",중개거래,2001,2023,학의로,00390,00000,41173,03,3012016, 평촌동,0075,0002,41173,10300,1,인덕원대우,3,31,41173-78,84.96,경기 안양동안구,75-2,41173,20, , 
"    51,000",중개거래,1993,2023,귀인로,00237,00000,41173,01,3183004, 평촌동,0898,0002,41173,10300,1,초원마을대림,3,31,41173-87,59.742,경기 안양동안구,898-2,41173,1, , 
"    39,000",중개거래,1992,2023,관평로138번길,00063,00000,41173,01,4349077, 평촌동,0896,0006,41173,10300,1,초원부영,3,31,41173-88,37.85,경기 안양동안구,896-6,41173,15, , 
"    21,000",직거래,1982,2023,경수대로707번길,00028,00000,41173,01,4349031, 호계동,0918,0055,41173,10400,1,대명,3,1,41173-105,60.23, ,918-55,41173,1, , 
"    65,000",중개거래,2021,2023,경수대로,00583,00000,41173,00,2012008, 호계동,1296,0000,41173,10400,1,평촌어바인퍼스트,3,1,41173-2100,59.52,경기 안양동안구,1296,41173,9, , 
"    13,000",직거래,2013,2023,시민대로137번길,00030,00000,41173,01,4349144, 호계동,0903,0016,41173,10400,1,리츠팰리스,3,1,41173-1936,15.6113, ,903-16,41173,6, , 
"    48,500",중개거래,2003,2023,경수대로,00430,00000,41173,02,2012008, 호계동,0813,0000,41173,10400,1,대림e-편한세상,3,1,41173-183,59.882,경기 안양동안구,813,41173,2, , 
"    57,000",중개거래,2003,2023,경수대로,00462,00000,41173,02,2012008, 호계동,0811,0000,41173,10400,1,호계2차현대홈타운,3,1,41173-182,84.973,경기 안양동안구,811,41173,8, , 
"    74,000",중개거래,2002,2023,경수대로733번길,00023,00000,41173,01,4349033, 호계동,0914,0040,41173,10400,1,호계1차현대홈타운,3,1,41173-168,84.621,경기 안양동안구,914-40,41173,4, , 
"    54,800",중개거래,1992,2023,평촌대로211번길,00021,00000,41173,01,4349198, 호계동,1052,0003,41173,10400,1,목련우성,3,2,41173-114,50.73,경기 안양동안구,1052-3,41173,10, , 
"    58,000",중개거래,1994,2023,귀인로172번길,00022,00000,41173,01,4349094, 호계동,1057,0000,41173,10400,1,무궁화경남,3,3,41173-117,59.917,경기 안양동안구,1057,41173,8, , 
"    72,000",중개거래,1992,2023,동안로,00035,00000,41173,02,3183006, 호계동,1055,0000,41173,10400,1,무궁화효성,3,4,41173-121,84.51,경기 안양동안구,1055,41173,12, , 
"    59,000",중개거래,2015,2023,엘에스로116번길,00056,00000,41173,01,4349274, 호계동,1279,0000,41173,10400,1,금정역호계푸르지오,3,4,41173-1983,59.94,경기 군포시,1279,41173,4, , 
"    63,500",중개거래,2021,2023,경수대로,00583,00000,41173,00,2012008, 호계동,1296,0000,41173,10400,1,평촌어바인퍼스트,3,5,41173-2100,59.87,경기 안양동안구,1296,41173,13, , 
"    32,700",중개거래,1992,2023,동안로,00102,00000,41173,02,3183006, 호계동,1052,0000,41173,10400,1,목련마을2단지대우선경,3,6,41173-115,34.44,경기 안양동안구,1052,41173,4, , 
"    69,300",중개거래,2019,2023,경수대로610번길,00036,00000,41173,01,4349026, 호계동,1287,0000,41173,10400,1,평촌더샵아이파크,3,6,41173-2077,59.94,경기 안양동안구,1287,41173,11, , 
"    76,000",중개거래,1993,2023,흥안대로223번길,00047,00000,41173,01,4349225, 호계동,1121,0000,41173,10400,1,샘마을한양,3,6,41173-133,101.95,경기 안양동안구,1121,41173,15, , 
"    38,000",중개거래,2021,2023,경수대로,00581,00000,41173,00,2012008, 호계동,1296,0000,41173,10400,1,평촌어바인퍼스트,3,7,41173-2100,39.26,경기 안양동안구,1296,41173,13, , 
"    74,000",중개거래,2022,2023,엘에스로45번길,00030,00000,41173,00,4349160, 호계동,1309,0000,41173,10400,1,평촌두산위브리버뷰,3,7,41173-2113,84.99,경기 안양동안구,1309,41173,7, , 
"    65,800",중개거래,2021,2023,경수대로,00581,00000,41173,00,2012008, 호계동,1296,0000,41173,10400,1,평촌어바인퍼스트,3,7,41173-2100,59.52,경기 안양동안구,1296,41173,25, , 
"    58,000",중개거래,1992,2023,평촌대로211번길,00021,00000,41173,01,4349198, 호계동,1052,0003,41173,10400,1,목련우성,3,9,41173-114,56.7,경기 안양동안구,1052-3,41173,15, , 
"    79,500",중개거래,2021,2023,경수대로,00581,00000,41173,00,2012008, 호계동,1296,0000,41173,10400,1,평촌어바인퍼스트,3,9,41173-2100,84.6,경기 안양동안구,1296,41173,2, , 
"    62,500",직거래,2021,2023,경수대로,00581,00000,41173,00,2012008, 호계동,1296,0000,41173,10400,1,평촌어바인퍼스트,3,9,41173-2100,59.52, ,1296,41173,2, , 
"    44,800",중개거래,1993,2023,평촌대로179번길,00030,00000,41173,01,4349196, 호계동,1052,0005,41173,10400,1,목련우성5,3,10,41173-173,41.85,경기 안양동안구,1052-5,41173,12, , 
"    47,200",중개거래,2004,2023,경수대로707번길,00039,00000,41173,01,4349031, 호계동,0923,0021,41173,10400,1,신성미소지움,3,10,41173-212,84.9292,경기 안양동안구,923-21,41173,1, , 
"    81,000",중개거래,1994,2023,귀인로172번길,00022,00000,41173,01,4349094, 호계동,1057,0000,41173,10400,1,무궁화경남,3,11,41173-117,84.9,경기 안양동안구,1057,41173,6, , 
"    66,600",중개거래,2021,2023,경수대로,00583,00000,41173,00,2012008, 호계동,1296,0000,41173,10400,1,평촌어바인퍼스트,3,11,41173-2100,59.87,경기 안양동안구,1296,41173,9, , 
"    67,000",중개거래,2021,2023,경수대로,00581,00000,41173,00,2012008, 호계동,1296,0000,41173,10400,1,평촌어바인퍼스트,3,11,41173-2100,59.87,경기 안양동안구,1296,41173,6, , 
"    66,800",중개거래,2021,2023,경수대로,00581,00000,41173,00,2012008, 호계동,1296,0000,41173,10400,1,평촌어바인퍼스트,3,11,41173-2100,59.87,경기 안양동안구,1296,41173,10, , 
"    65,600",중개거래,2021,2023,경수대로,00581,00000,41173,00,2012008, 호계동,1296,0000,41173,10400,1,평촌어바인퍼스트,3,11,41173-2100,59.87,경기 안양동안구,1296,41173,6, , 
"    58,000",중개거래,2015,2023,엘에스로116번길,00056,00000,41173,01,4349274, 호계동,1279,0000,41173,10400,1,금정역호계푸르지오,3,11,41173-1983,59.94,경기 군포시,1279,41173,7, , 
"    30,000",중개거래,2015,2023,엘에스로53번길,00010,00000,41173,00,4349162, 호계동,0670,0009,41173,10400,1,이룸렉스힐,3,11,41173-1982,72.97,경기 의왕시,670-9,41173,8, , 
"    49,000",중개거래,2004,2023,경수대로707번길,00039,00000,41173,01,4349031, 호계동,0923,0021,41173,10400,1,신성미소지움,3,11,41173-212,84.9854,경기 안양동안구,923-21,41173,2, , 
"    47,500",중개거래,1992,2023,경수대로610번길,00037,00000,41173,01,4349026, 호계동,1075,0000,41173,10400,1,무궁화태영,3,11,41173-157,76.23,경기 안양동안구,1075,41173,1, , 
"    64,000",중개거래,2021,2023,경수대로,00583,00000,41173,00,2012008, 호계동,1296,0000,41173,10400,1,평촌어바인퍼스트,3,12,41173-2100,59.52,경기 안양동안구,1296,41173,17, , 
"    64,000",중개거래,1992,2023,동안로,00102,00000,41173,02,3183006, 호계동,1052,0000,41173,10400,1,목련마을2단지대우선경,3,13,41173-115,58.32,경기 안양동안구,1052,41173,11,23.04.28,O
"    91,000",중개거래,2019,2023,경수대로610번길,00036,00000,41173,01,4349026, 호계동,1287,0000,41173,10400,1,평촌더샵아이파크,3,13,41173-2077,84.98,경기 안양동안구,1287,41173,6, , 
"    58,500",중개거래,2003,2023,경수대로,00430,00000,41173,02,2012008, 호계동,0813,0000,41173,10400,1,대림e-편한세상,3,13,41173-183,84.846,"경기 안양동안구, 경기 의왕시",813,41173,10, , 
"    60,500",중개거래,2003,2023,경수대로,00462,00000,41173,02,2012008, 호계동,0811,0000,41173,10400,1,호계2차현대홈타운,3,13,41173-182,84.912,경기 안양동안구,811,41173,8, , 
"    34,000",중개거래,1992,2023,동안로,00102,00000,41173,02,3183006, 호계동,1052,0000,41173,10400,1,목련마을2단지대우선경,3,13,41173-115,34.44,서울 서초구,1052,41173,13, , 
"    64,000",중개거래,1992,2023,동안로,00102,00000,41173,02,3183006, 호계동,1052,0000,41173,10400,1,목련마을2단지대우선경,3,13,41173-115,58.32,경기 안양동안구,1052,41173,11, , 
"    61,000",중개거래,1992,2023,동안로,00011,00000,41173,02,3183006, 호계동,1055,0001,41173,10400,1,무궁화건영캐스빌,3,14,41173-116,84.84,경기 안양동안구,1055-1,41173,13, , 
"    59,000",중개거래,2018,2023,경수대로596번길,00062,00012,41173,00,4349024, 호계동,1280,0000,41173,10400,1,신평촌일성트루엘파크,3,14,41173-2058,59.9235,"경기 안양동안구, 경기 안양만안구",1280,41173,14, , 
"    70,500",중개거래,2003,2023,경수대로,00462,00000,41173,02,2012008, 호계동,0811,0000,41173,10400,1,호계2차현대홈타운,3,14,41173-182,115.075,경기 안양동안구,811,41173,4, , 
"   122,000",중개거래,1994,2023,동안로,00075,00000,41173,02,3183006, 호계동,1053,0003,41173,10400,1,목련아파트,3,15,41173-113,128.19,경기 안양동안구,1053-3,41173,15, , 
"    37,000",중개거래,2021,2023,경수대로,00581,00000,41173,00,2012008, 호계동,1296,0000,41173,10400,1,평촌어바인퍼스트,3,15,41173-2100,39.26,경기 안양동안구,1296,41173,5, , 
"    59,700",중개거래,1992,2023,경수대로610번길,00037,00000,41173,01,4349026, 호계동,1075,0000,41173,10400,1,무궁화태영,3,15,41173-157,84.9,경기 안양동안구,1075,41173,4, , 
"   107,000",중개거래,1994,2023,동안로,00075,00000,41173,02,3183006, 호계동,1053,0003,41173,10400,1,목련아파트,3,16,41173-113,100.77,경기 안양동안구,1053-3,41173,11, , 
"    69,000",중개거래,1992,2023,동안로,00035,00000,41173,02,3183006, 호계동,1055,0000,41173,10400,1,무궁화한양,3,16,41173-120,84.9,경기 안양동안구,1055,41173,13, , 
"    54,000",중개거래,1992,2023,평촌대로211번길,00021,00000,41173,01,4349198, 호계동,1052,0003,41173,10400,1,목련우성,3,17,41173-114,50.73,"경기 안양동안구, 경기 의왕시",1052-3,41173,6, , 
"    60,000",중개거래,1992,2023,동안로,00011,00000,41173,02,3183006, 호계동,1055,0001,41173,10400,1,무궁화코오롱,3,17,41173-119,84.96,경기 안양동안구,1055-1,41173,3, , 
"    59,000",중개거래,1992,2023,동안로,00011,00000,41173,02,3183006, 호계동,1055,0001,41173,10400,1,무궁화건영캐스빌,3,17,41173-116,84.84,경기 안양동안구,1055-1,41173,14, , 
"    71,000",중개거래,1992,2023,동안로,00035,00000,41173,02,3183006, 호계동,1055,0000,41173,10400,1,무궁화한양,3,18,41173-120,84.9,경기 안양동안구,1055,41173,5, , 
"    36,800",중개거래,2021,2023,경수대로,00581,00000,41173,00,2012008, 호계동,1296,0000,41173,10400,1,평촌어바인퍼스트,3,18,41173-2100,39.26,경기 안양동안구,1296,41173,6, , 
"    36,500",중개거래,1999,2023,경수대로721번길,00044,00028,41173,01,4349032, 호계동,0914,0037,41173,10400,1,범계마을호산,3,18,41173-163,60,경기 안양동안구,914-37,41173,7, , 
"    61,500",중개거래,1992,2023,평촌대로211번길,00021,00000,41173,01,4349198, 호계동,1052,0003,41173,10400,1,목련우성,3,20,41173-114,56.7,경기 안양동안구,1052-3,41173,17, , 
"    40,000",중개거래,2019,2023,안양천동로126번길,00026,00000,41173,01,4349154, 호계동,1294,0000,41173,10400,1,평촌대성유니드,3,20,41173-2076,45.7771,경기 안양동안구,1294,41173,19, , 
"    86,500",중개거래,1992,2023,흥안대로249번길,00018,00000,41173,01,4349226, 호계동,1116,0000,41173,10400,1,샘마을우방,3,20,41173-132,133.86,경기 안양동안구,1116,41173,14, , 
"    61,500",중개거래,1992,2023,평촌대로211번길,00021,00000,41173,01,4349198, 호계동,1052,0003,41173,10400,1,목련우성,3,20,41173-114,56.7,경기 안양동안구,1052-3,41173,17,23.04.20,O
"    30,000",중개거래,1992,2023,동안로,00102,00000,41173,02,3183006, 호계동,1052,0000,41173,10400,1,목련마을2단지대우선경,3,21,41173-115,34.44,경기 안양동안구,1052,41173,7,23.04.28,O
"    38,000",중개거래,2021,2023,경수대로,00581,00000,41173,00,2012008, 호계동,1296,0000,41173,10400,1,평촌어바인퍼스트,3,21,41173-2100,39.26,경기 안양동안구,1296,41173,11, , 
"    57,000",중개거래,1992,2023,동안로,00006,00000,41173,02,3183006, 호계동,1056,0006,41173,10400,1,무궁화진흥,3,22,41173-118,84.63,경기 안양동안구,1056-6,41173,6, , 
"    65,900",중개거래,2021,2023,경수대로,00583,00000,41173,00,2012008, 호계동,1296,0000,41173,10400,1,평촌어바인퍼스트,3,22,41173-2100,59.87,경기 안양동안구,1296,41173,16, , 
"    86,500",중개거래,2021,2023,경수대로,00581,00000,41173,00,2012008, 호계동,1296,0000,41173,10400,1,평촌어바인퍼스트,3,22,41173-2100,84.6,경기 안양동안구,1296,41173,22, , 
"    64,000",중개거래,2021,2023,경수대로,00581,00000,41173,00,2012008, 호계동,1296,0000,41173,10400,1,평촌어바인퍼스트,3,22,41173-2100,59.87,경기 안양동안구,1296,41173,3, , 
"    67,800",중개거래,2021,2023,경수대로,00581,00000,41173,00,2012008, 호계동,1296,0000,41173,10400,1,평촌어바인퍼스트,3,22,41173-2100,59.87,경기 안양동안구,1296,41173,12,23.04.11,O
"    67,800",중개거래,2021,2023,경수대로,00581,00000,41173,00,2012008, 호계동,1296,0000,41173,10400,1,평촌어바인퍼스트,3,22,41173-2100,59.87,경기 안양동안구,1296,41173,12, , 
"    67,000",중개거래,2021,2023,경수대로,00581,00000,41173,00,2012008, 호계동,1296,0000,41173,10400,1,평촌어바인퍼스트,3,23,41173-2100,59.52,경기 안양동안구,1296,41173,5, , 
"    60,000",중개거래,2003,2023,경수대로,00462,00000,41173,02,2012008, 호계동,0811,0000,41173,10400,1,호계2차현대홈타운,3,24,41173-182,84.912,경기 안양동안구,811,41173,14, , 
"    28,000",중개거래,2016,2023,흥안대로94번길,00056,00000,41173,01,4349247, 호계동,0972,0006,41173,10400,1,한솔아파트,3,24,41173-2001,49.62,경기 안양동안구,972-6,41173,4, , 
"    70,000",중개거래,2003,2023,경수대로,00430,00000,41173,02,2012008, 호계동,0813,0000,41173,10400,1,대림e-편한세상,3,24,41173-183,116.507,경기 안양동안구,813,41173,12, , 
"   100,000",중개거래,1992,2023,동안로,00057,00000,41173,02,3183006, 호계동,1053,0004,41173,10400,1,목련경남,3,25,41173-109,99.02,경기 안양동안구,1053-4,41173,11, , 
"    39,000",중개거래,2021,2023,경수대로,00581,00000,41173,00,2012008, 호계동,1296,0000,41173,10400,1,평촌어바인퍼스트,3,25,41173-2100,39.26,경기 안양동안구,1296,41173,18, , 
"    38,500",중개거래,2021,2023,경수대로,00581,00000,41173,00,2012008, 호계동,1296,0000,41173,10400,1,평촌어바인퍼스트,3,25,41173-2100,39.26,경기 안양동안구,1296,41173,8, , 
"    59,800",중개거래,1992,2023,평촌대로211번길,00021,00000,41173,01,4349198, 호계동,1052,0003,41173,10400,1,목련우성,3,25,41173-114,56.7,경기 안양동안구,1052-3,41173,5, , 
"    56,500",중개거래,1992,2023,평촌대로211번길,00021,00000,41173,01,4349198, 호계동,1052,0003,41173,10400,1,목련우성,3,25,41173-114,56.7,경기 안양동안구,1052-3,41173,5, , 
"    55,000",중개거래,1992,2023,경수대로610번길,00037,00000,41173,01,4349026, 호계동,1075,0000,41173,10400,1,무궁화태영,3,27,41173-157,84.9,경기 안양동안구,1075,41173,5, , 
"    63,000",직거래,2021,2023,경수대로,00581,00000,41173,00,2012008, 호계동,1296,0000,41173,10400,1,평촌어바인퍼스트,3,27,41173-2100,74.69, ,1296,41173,11, , 
"    38,800",중개거래,2021,2023,경수대로,00581,00000,41173,00,2012008, 호계동,1296,0000,41173,10400,1,평촌어바인퍼스트,3,28,41173-2100,39.26,경기 안양동안구,1296,41173,19, , 
"    59,000",중개거래,1992,2023,동안로,00006,00000,41173,02,3183006, 호계동,1056,0006,41173,10400,1,무궁화진흥,3,29,41173-118,84.63,경기 안양동안구,1056-6,41173,4, , 
"    57,500",중개거래,2003,2023,경수대로,00462,00000,41173,02,2012008, 호계동,0811,0000,41173,10400,1,호계2차현대홈타운,3,29,41173-182,84.973,경기 안양동안구,811,41173,13, , 
"    41,000",중개거래,1993,2023,평촌대로179번길,00030,00000,41173,01,4349196, 호계동,1052,0005,41173,10400,1,목련우성5,3,29,41173-173,41.85,경기 안양동안구,1052-5,41173,3, , 
"    54,000",직거래,2003,2023,경수대로797번길,00012,00000,41173,01,4349034, 호계동,0893,0001,41173,10400,1,임광한마음2차,3,30,41173-187,79.527, ,893-1,41173,13, , 
"    65,000",직거래,2022,2023,경수대로,00555,00000,41173,00,2012008, 호계동,0959,0001,41173,10400,1,개성하이뷰,3,30,41173-2121,63.75, ,959-1,41173,20, , 
"    66,500",중개거래,2021,2023,경수대로,00583,00000,41173,00,2012008, 호계동,1296,0000,41173,10400,1,평촌어바인퍼스트,3,30,41173-2100,59.52,경기 안양동안구,1296,41173,19, , 
"    88,000",중개거래,2021,2023,경수대로,00581,00000,41173,00,2012008, 호계동,1296,0000,41173,10400,1,평촌어바인퍼스트,3,30,41173-2100,84.6,경기 안양동안구,1296,41173,13, , 
"    69,000",중개거래,2019,2023,경수대로610번길,00036,00000,41173,01,4349026, 호계동,1287,0000,41173,10400,1,평촌더샵아이파크,3,30,41173-2077,59.94,경기 안양동안구,1287,41173,16, , 
"    56,000",중개거래,1992,2023,평촌대로211번길,00021,00000,41173,01,4349198, 호계동,1052,0003,41173,10400,1,목련우성,3,31,41173-114,50.73,경기 안양동안구,1052-3,41173,2, , 
"    59,500",중개거래,1994,2023,귀인로172번길,00022,00000,41173,01,4349094, 호계동,1057,0000,41173,10400,1,무궁화경남,3,31,41173-117,59.917,"경기 시흥시, 경기 안양동안구",1057,41173,12, , 
"    48,400",중개거래,2000,2023,귀인로79번길,00052,00000,41173,00,4349098, 호계동,0912,0000,41173,10400,1,호계동효성아파트,3,31,41173-123,84.97,경기 안양동안구,912,41173,10, , 
"    91,500",중개거래,1992,2023,흥안대로249번길,00018,00000,41173,01,4349226, 호계동,1116,0000,41173,10400,1,샘마을우방,3,31,41173-132,133.86,경기 안양동안구,1116,41173,11, , 
"    62,000",중개거래,2003,2023,경수대로,00430,00000,41173,02,2012008, 호계동,0813,0000,41173,10400,1,대림e-편한세상,3,31,41173-183,84.846,경기 안양동안구,813,41173,24, , 
"    63,000",중개거래,2019,2023,경수대로610번길,00036,00000,41173,01,4349026, 호계동,1287,0000,41173,10400,1,평촌더샵아이파크,3,31,41173-2077,59.94,경기 안양동안구,1287,41173,2, , 
"    38,500",중개거래,2021,2023,경수대로,00581,00000,41173,00,2012008, 호계동,1296,0000,41173,10400,1,평촌어바인퍼스트,3,31,41173-2100,39.26,경기 안양동안구,1296,41173,10, , 
"    67,000",중개거래,2021,2023,경수대로,00581,00000,41173,00,2012008, 호계동,1296,0000,41173,10400,1,평촌어바인퍼스트,3,31,41173-2100,59.87,경기 안양동안구,1296,41173,17, , 
"    37,500",중개거래,1993,2023,달안로,00061,00000,41173,01,3183005, 비산동,1101,0002,41173,10100,1,샛별마을한양4-1,4,1,41173-15,41.265,경기 안양동안구,1101-2,41173,7, , 
"    33,900",중개거래,1993,2023,달안로,00078,00000,41173,01,3183005, 비산동,1109,0004,41173,10100,1,샛별한양6(고층1109-4),4,1,41173-216,35.1,"경기 안양동안구, 경기 안양만안구",1109-4,41173,10, , 
"    65,000",중개거래,2009,2023,경수대로883번길,00033,00000,41173,01,4349038, 비산동,0572,0000,41173,10100,1,한화꿈에그린,4,2,41173-1889,84.973,경기 안양동안구,572,41173,8, , 
"    34,000",직거래,1993,2023,학의로,00098,00000,41173,01,3012016, 비산동,1101,0006,41173,10100,1,샛별한양4-2,4,3,41173-16,41.265, ,1101-6,41173,1, , 
"    90,500",중개거래,2021,2023,비산로,00022,00000,41173,00,3183009, 비산동,1185,0000,41173,10100,1,평촌자이아이파크,4,3,41173-2108,84.9856,경기 안양동안구,1185,41173,22, , 
"    27,500",중개거래,1993,2023,달안로,00078,00000,41173,01,3183005, 비산동,1109,0004,41173,10100,1,샛별한양6(고층1109-4),4,3,41173-216,28.215,경기 안양동안구,1109-4,41173,14, , 
"    75,000",중개거래,2003,2023,관악대로,00121,00000,41173,01,2182001, 비산동,0425,0000,41173,10100,1,삼성래미안,4,3,41173-180,84.918,"경기 광명시, 경기 안양동안구",425,41173,14, , 
"    33,250",중개거래,1993,2023,달안로,00062,00000,41173,01,3183005, 비산동,1109,0000,41173,10100,1,샛별한양6(고층1109),4,3,41173-170,35.1,경기 안양동안구,1109,41173,12, , 
"    53,500",중개거래,2007,2023,임곡로,00016,00000,41173,01,3183020, 비산동,1163,0000,41173,10100,1,안양임곡휴먼시아,4,4,41173-1855,59.95,경기 안양동안구,1163,41173,12, , 
"    73,900",중개거래,1993,2023,달안로,00075,00000,41173,01,3183005, 비산동,1101,0008,41173,10100,1,샛별한양4-3,4,5,41173-172,84.9,경기 안양동안구,1101-8,41173,11, , 
"    53,500",중개거래,1992,2023,평촌대로253번길,00018,00000,41173,01,4349204, 비산동,1109,0006,41173,10100,1,샛별한양6(고층1109-6),4,5,41173-217,49.68,경기 안양동안구,1109-6,41173,9, , 
"    56,000",중개거래,2003,2023,관악대로,00135,00000,41173,00,2182001, 비산동,0425,0000,41173,10100,1,삼성래미안,4,5,41173-180,59.871,경기 안양동안구,425,41173,24, , 
"    72,500",중개거래,1992,2023,달안로,00040,00000,41173,01,3183005, 비산동,1103,0004,41173,10100,1,은하수신성,4,6,41173-24,59.895,경기 안양동안구,1103-4,41173,7, , 
"    29,000",중개거래,1993,2023,달안로,00078,00000,41173,01,3183005, 비산동,1109,0004,41173,10100,1,샛별한양6(고층1109-4),4,6,41173-216,35.1,경기 안양동안구,1109-4,41173,3, , 
"    33,000",중개거래,2003,2023,임곡로,00043,00000,41173,01,3183020, 비산동,1155,0000,41173,10100,1,더포레스트힐,4,6,41173-186,49.48,경기 안양동안구,1155,41173,13, , 
"    43,000",직거래,1992,2023,학의로,00020,00000,41173,01,3012016, 비산동,1102,0000,41173,10100,1,관악,4,7,41173-2,59.4, ,1102,41173,11, , 
"    70,000",중개거래,2003,2023,관악대로,00135,00000,41173,00,2182001, 비산동,0425,0000,41173,10100,1,삼성래미안,4,7,41173-180,84.918,경기 안양동안구,425,41173,12, , 
"    49,500",중개거래,1981,2023,동안로,00283,00000,41173,01,3183006, 비산동,0354,0010,41173,10100,1,"뉴타운1,2,3",4,7,41173-6,58.12,"경기 군포시, 경기 안양동안구",354-10,41173,6, , 
"    32,000",중개거래,1992,2023,동안로,00209,00000,41173,01,3183006, 비산동,1102,0007,41173,10100,1,관악성원,4,8,41173-4,33.735,경기 안양동안구,1102-7,41173,8, , 
"    53,000",중개거래,1992,2023,평촌대로253번길,00018,00000,41173,01,4349204, 비산동,1109,0006,41173,10100,1,샛별한양6(고층1109-6),4,8,41173-217,49.68,경기 안양동안구,1109-6,41173,13, , 
"    61,000",중개거래,2003,2023,관악대로,00135,00000,41173,00,2182001, 비산동,0425,0000,41173,10100,1,삼성래미안,4,8,41173-180,59.871,경기 안양동안구,425,41173,25, , 
"    56,000",중개거래,1992,2023,시민대로159번길,00062,00000,41173,01,4349145, 비산동,1103,0000,41173,10100,1,은하수벽산,4,8,41173-23,55.65,경기 안양동안구,1103,41173,5, , 
"    42,000",중개거래,1993,2023,달안로,00062,00000,41173,01,3183005, 비산동,1109,0000,41173,10100,1,샛별한양6(고층1109),4,9,41173-170,49.68,경기 안양동안구,1109,41173,1, , 
"    88,500",중개거래,2021,2023,비산로,00022,00000,41173,00,3183009, 비산동,1185,0000,41173,10100,1,평촌자이아이파크,4,13,41173-2108,84.9856,"경기 안양동안구, 경기 안양만안구",1185,41173,7, , 
"    52,000",중개거래,1993,2023,달안로,00062,00000,41173,01,3183005, 비산동,1109,0000,41173,10100,1,샛별한양6(고층1109),4,14,41173-170,49.68,경기 안양동안구,1109,41173,6, , 
"    68,500",중개거래,2003,2023,관악대로,00135,00000,41173,00,2182001, 비산동,0425,0000,41173,10100,1,삼성래미안,4,14,41173-180,84.918,"경기 안양동안구, 서울 마포구",425,41173,23, , 
"    73,000",중개거래,2003,2023,관악대로,00135,00000,41173,00,2182001, 비산동,0425,0000,41173,10100,1,삼성래미안,4,14,41173-180,84.918,경기 안양동안구,425,41173,22, , 
"    51,000",중개거래,1992,2023,평촌대로253번길,00018,00000,41173,01,4349204, 비산동,1109,0006,41173,10100,1,샛별한양6(고층1109-6),4,15,41173-217,49.68,경기 안양동안구,1109-6,41173,4, , 
"    65,000",중개거래,2009,2023,경수대로883번길,00033,00000,41173,01,4349038, 비산동,0572,0000,41173,10100,1,한화꿈에그린,4,15,41173-1889,84.973,경기 안양동안구,572,41173,14, , 
"    32,500",중개거래,1993,2023,달안로,00061,00000,41173,01,3183005, 비산동,1101,0002,41173,10100,1,샛별마을한양4-1,4,17,41173-15,42.615,경기 안양동안구,1101-2,41173,1, , 
"    35,000",중개거래,1993,2023,달안로,00078,00000,41173,01,3183005, 비산동,1109,0004,41173,10100,1,샛별한양6(고층1109-4),4,18,41173-216,35.1,경기 안양동안구,1109-4,41173,9, , 
"    49,500",중개거래,2003,2023,임곡로,00043,00000,41173,01,3183020, 비산동,1155,0000,41173,10100,1,더포레스트힐,4,20,41173-186,59.94,경기 안양동안구,1155,41173,1, , 
"    55,000",중개거래,1988,2023,동안로,00268,00000,41173,01,3183006, 비산동,0361,0000,41173,10100,1,뉴타운6,4,22,41173-177,55.8,경기 안양동안구,361,41173,2, , 
"    62,900",중개거래,2007,2023,임곡로,00016,00000,41173,01,3183020, 비산동,1163,0000,41173,10100,1,안양임곡휴먼시아,4,22,41173-1855,84.99,경기 안양동안구,1163,41173,9, , 
"    56,800",중개거래,1993,2023,관평로212번길,00021,00000,41173,01,4349083, 관양동,1588,0000,41173,10200,1,공작아파트,4,5,41173-39,60,경기 안양동안구,1588,41173,14, , 
"    82,500",중개거래,1985,2023,관평로,00333,00000,41173,01,3183003, 관양동,1396,0000,41173,10200,1,현대,4,5,41173-981,84.47,경기 안양동안구,1396,41173,3, , 
"    56,800",중개거래,1993,2023,관평로212번길,00021,00000,41173,01,4349083, 관양동,1588,0000,41173,10200,1,공작아파트,4,5,41173-39,60,경기 안양동안구,1588,41173,14, , 
"    55,000",중개거래,1993,2023,관평로212번길,00021,00000,41173,01,4349083, 관양동,1588,0000,41173,10200,1,공작아파트,4,6,41173-39,60,경기 안양동안구,1588,41173,13, , 
"    48,400",중개거래,1996,2023,달안로,00110,00000,41173,02,3183005, 관양동,1589,0000,41173,10200,1,한가람(세경),4,6,41173-66,49.68,경기 안양동안구,1589,41173,6, , 
"    36,000",중개거래,1995,2023,학의로,00120,00000,41173,02,3012016, 관양동,1586,0000,41173,10200,1,한가람(한양),4,8,41173-68,41.09,경기 안양동안구,1586,41173,9, , 
"    39,000",중개거래,1993,2023,관평로212번길,00021,00000,41173,01,4349083, 관양동,1588,0000,41173,10200,1,공작아파트,4,11,41173-39,37.85,경기 안양동안구,1588,41173,14, , 
"    49,000",중개거래,1996,2023,달안로,00110,00000,41173,02,3183005, 관양동,1589,0000,41173,10200,1,한가람(세경),4,11,41173-66,49.68,경기 안양동안구,1589,41173,6, , 
"   108,000",중개거래,2016,2023,시민대로327번길,00055,00000,41173,00,4349275, 관양동,1815,0000,41173,10200,1,평촌더샵센트럴시티,4,12,41173-2008,84.9897,경기 안양동안구,1815,41173,5, , 
"    33,500",중개거래,1993,2023,달안로,00153,00000,41173,02,3183005, 관양동,1587,0005,41173,10200,1,공작성일,4,14,41173-40,39.6,경기 안양동안구,1587-5,41173,7, , 
"    33,500",중개거래,1992,2023,달안로,00124,00000,41173,02,3183005, 관양동,1589,0001,41173,10200,1,한가람(신라),4,14,41173-67,38.33,경기 안양동안구,1589-1,41173,13, , 
"    58,000",중개거래,1992,2023,달안로,00125,00000,41173,02,3183005, 관양동,1586,0006,41173,10200,1,한가람(두산),4,15,41173-64,59.97,경기 안양동안구,1586-6,41173,13, , 
"    49,000",중개거래,1996,2023,달안로,00110,00000,41173,02,3183005, 관양동,1589,0000,41173,10200,1,한가람(세경),4,18,41173-66,51.75,경기 안양동안구,1589,41173,10, , 
"    52,000",중개거래,1995,2023,학의로,00146,00000,41173,02,3012016, 관양동,1586,0005,41173,10200,1,한가람(삼성),4,21,41173-65,59.76,"경기 안양동안구, 경기 안양만안구",1586-5,41173,1, , 
"    70,000",중개거래,1995,2023,학의로,00120,00000,41173,02,3012016, 관양동,1586,0000,41173,10200,1,한가람(한양),4,21,41173-68,84.9,경기 안양동안구,1586,41173,13, , 
"    69,000",중개거래,1998,2023,안양판교로,00042,00000,41173,01,3012010, 관양동,1510,0001,41173,10200,1,인덕원마을(삼성),4,22,41173-61,59.8,경기 안양동안구,1510-1,41173,10, , 
"    79,500",중개거래,1985,2023,관평로,00333,00000,41173,01,3183003, 관양동,1396,0000,41173,10200,1,현대,4,24,41173-981,84.47,경기 안양동안구,1396,41173,8, , 
"    57,000",중개거래,1993,2023,달안로,00153,00000,41173,02,3183005, 관양동,1587,0005,41173,10200,1,공작성일,4,29,41173-40,59.64,경기 안양동안구,1587-5,41173,14, , 
"    67,800",중개거래,2001,2023,학의로408번길,00013,00000,41173,00,4349217, 평촌동,0075,0002,41173,10300,1,인덕원대우,4,1,41173-78,84.96,경기 안양동안구,75-2,41173,1, , 
"    54,500",중개거래,1993,2023,부림로,00080,00000,41173,02,3183008, 평촌동,0897,0005,41173,10300,1,초원한양,4,1,41173-89,59.4,경기 안양동안구,897-5,41173,8, , 
"    59,500",중개거래,1993,2023,부림로,00055,00000,41173,02,3183008, 평촌동,0898,0006,41173,10300,1,초원마을대원,4,2,41173-79,59.94,경기 안양동안구,898-6,41173,2, , 
"    59,760",중개거래,1993,2023,귀인로,00237,00000,41173,01,3183004, 평촌동,0898,0002,41173,10300,1,초원마을대림,4,2,41173-87,59.742,"경기 안양동안구, 경기 안양만안구",898-2,41173,13, , 
"   103,000",중개거래,1992,2023,귀인로,00258,00000,41173,01,3183004, 평촌동,0932,0006,41173,10300,1,꿈마을라이프,4,3,41173-75,110.357,경기 안양동안구,932-6,41173,14, , 
"    75,000",중개거래,1993,2023,평촌대로180번길,00028,00000,41173,01,4349197, 평촌동,0899,0000,41173,10300,1,향촌롯데,4,3,41173-93,59.76,경기 안양동안구,899,41173,18, , 
"    35,000",중개거래,1999,2023,흥안대로456번길,00040,00000,41173,01,4349235, 평촌동,0066,0006,41173,10300,1,한일미래아파트,4,3,41173-92,59.89,경기 안양동안구,66-6,41173,10, , 
"    60,500",중개거래,1993,2023,귀인로,00237,00000,41173,01,3183004, 평촌동,0898,0002,41173,10300,1,초원마을대림,4,3,41173-87,59.742,경기 안양동안구,898-2,41173,9, , 
"    77,500",중개거래,2001,2023,학의로,00390,00000,41173,03,3012016, 평촌동,0075,0002,41173,10300,1,인덕원대우,4,3,41173-78,84.96,경기 안양동안구,75-2,41173,22, , 
"    15,500",직거래,2000,2023,흥안대로414번길,00020,00000,41173,01,4349231, 평촌동,0130,0001,41173,10300,1,영풍,4,5,41173-85,36.85, ,130-1,41173,6, , 
"    51,000",중개거래,1996,2023,관평로138번길,00013,00000,41173,00,4349077, 평촌동,0896,0002,41173,10300,1,초원마을세경,4,7,41173-188,49.68,경기 안양동안구,896-2,41173,21, , 
"    62,700",중개거래,2001,2023,학의로,00390,00000,41173,03,3012016, 평촌동,0075,0002,41173,10300,1,인덕원대우,4,8,41173-78,59.92,경기 안양동안구,75-2,41173,20, , 
"    42,000",중개거래,1996,2023,관평로138번길,00013,00000,41173,00,4349077, 평촌동,0896,0002,41173,10300,1,초원마을세경,4,8,41173-188,49.68,경기 의왕시,896-2,41173,1, , 
"    65,000",중개거래,1992,2023,귀인로,00193,00000,41173,01,3183004, 평촌동,0899,0002,41173,10300,1,향촌마을현대4차,4,8,41173-96,59.94,경기 안양동안구,899-2,41173,8, , 
"    73,500",중개거래,1993,2023,부림로,00080,00000,41173,02,3183008, 평촌동,0897,0005,41173,10300,1,초원한양,4,8,41173-89,84.9,"경기 안양동안구, 인천 남동구",897-5,41173,20, , 
"    65,000",중개거래,1993,2023,귀인로,00237,00000,41173,01,3183004, 평촌동,0898,0002,41173,10300,1,초원마을대림,4,8,41173-87,59.742,경기 안양동안구,898-2,41173,11, , 
"    81,000",중개거래,1993,2023,부림로,00055,00000,41173,02,3183008, 평촌동,0898,0006,41173,10300,1,초원마을대원,4,8,41173-79,84.97,경기 안양동안구,898-6,41173,4, , 
"   106,000",중개거래,1993,2023,부림로,00034,00000,41173,02,3183008, 평촌동,0933,0000,41173,10300,1,꿈마을우성,4,9,41173-76,101.16,경기 안양동안구,933,41173,10, , 
"   113,750",중개거래,1994,2023,귀인로,00294,00000,41173,01,3183004, 평촌동,0933,0007,41173,10300,1,꿈마을동아,4,11,41173-80,130.08,경기 안양동안구,933-7,41173,3, , 
"    86,000",중개거래,1993,2023,귀인로,00237,00000,41173,01,3183004, 평촌동,0898,0002,41173,10300,1,초원마을대림,4,12,41173-87,84.92,경기 안양동안구,898-2,41173,10, , 
"    55,000",중개거래,1993,2023,부림로,00080,00000,41173,02,3183008, 평촌동,0897,0005,41173,10300,1,초원한양,4,12,41173-89,59.4,경기 안양동안구,897-5,41173,13, , 
"    83,000",중개거래,1993,2023,귀인로,00237,00000,41173,01,3183004, 평촌동,0898,0002,41173,10300,1,초원마을대림,4,12,41173-87,84.92,경기 안양동안구,898-2,41173,9, , 
"    60,000",중개거래,2001,2023,학의로,00390,00000,41173,03,3012016, 평촌동,0075,0002,41173,10300,1,인덕원대우,4,13,41173-78,60,경기 안양동안구,75-2,41173,12, , 
"    98,000",중개거래,1992,2023,귀인로,00193,00000,41173,01,3183004, 평촌동,0899,0002,41173,10300,1,향촌마을현대4차,4,13,41173-96,84.99,경기 안양동안구,899-2,41173,14, , 
"   108,000",중개거래,1993,2023,평촌대로180번길,00028,00000,41173,01,4349197, 평촌동,0899,0000,41173,10300,1,향촌롯데,4,13,41173-93,84.84,경기 안양동안구,899,41173,15, , 
"    61,000",중개거래,1993,2023,부림로,00052,00000,41173,02,3183008, 평촌동,0897,0007,41173,10300,1,초원LG,4,15,41173-81,59.79,경기 안양동안구,897-7,41173,5, , 
"    87,000",중개거래,1993,2023,귀인로,00237,00000,41173,01,3183004, 평촌동,0898,0002,41173,10300,1,초원마을대림,4,15,41173-87,84.92,경기 안양동안구,898-2,41173,19, , 
"    38,900",중개거래,1999,2023,흥안대로456번길,00040,00000,41173,01,4349235, 평촌동,0066,0006,41173,10300,1,한일미래아파트,4,18,41173-92,64.66,경기 안양동안구,66-6,41173,9, , 
"    70,000",중개거래,2001,2023,학의로,00390,00000,41173,03,3012016, 평촌동,0075,0002,41173,10300,1,인덕원대우,4,21,41173-78,84.96,서울 용산구,75-2,41173,21, , 
"    54,500",중개거래,1992,2023,동안로,00011,00000,41173,02,3183006, 호계동,1055,0001,41173,10400,1,무궁화건영캐스빌,4,1,41173-116,76.36,경기 안양동안구,1055-1,41173,2, , 
"    66,700",중개거래,2021,2023,경수대로,00583,00000,41173,00,2012008, 호계동,1296,0000,41173,10400,1,평촌어바인퍼스트,4,1,41173-2100,59.52,경기 안양동안구,1296,41173,11, , 
"    63,700",중개거래,2021,2023,경수대로,00583,00000,41173,00,2012008, 호계동,1296,0000,41173,10400,1,평촌어바인퍼스트,4,1,41173-2100,59.87,경기 안양동안구,1296,41173,3, , 
"    36,000",중개거래,2021,2023,경수대로,00581,00000,41173,00,2012008, 호계동,1296,0000,41173,10400,1,평촌어바인퍼스트,4,1,41173-2100,39.26,경기 안양동안구,1296,41173,9, , 
"    69,000",중개거래,2019,2023,경수대로610번길,00036,00000,41173,01,4349026, 호계동,1287,0000,41173,10400,1,평촌더샵아이파크,4,1,41173-2077,59.94,경기 안양동안구,1287,41173,14, , 
"    38,000",중개거래,2017,2023,경수대로,00539,00000,41173,00,2012008, 호계동,0959,0020,41173,10400,1,루미에르,4,1,41173-2029,57.17,경기 안양동안구,959-20,41173,3, , 
"    58,500",중개거래,1992,2023,경수대로610번길,00037,00000,41173,01,4349026, 호계동,1075,0000,41173,10400,1,무궁화태영,4,1,41173-157,84.9,경기 안양동안구,1075,41173,3, , 
"    80,900",중개거래,1992,2023,흥안대로223번길,00016,00000,41173,01,4349225, 호계동,1117,0000,41173,10400,1,샘마을쌍용,4,2,41173-139,101.91,경기 안양동안구,1117,41173,11, , 
"    67,500",중개거래,2021,2023,경수대로,00581,00000,41173,00,2012008, 호계동,1296,0000,41173,10400,1,평촌어바인퍼스트,4,2,41173-2100,59.52,경기 안양동안구,1296,41173,11, , 
"    38,500",중개거래,2021,2023,경수대로,00581,00000,41173,00,2012008, 호계동,1296,0000,41173,10400,1,평촌어바인퍼스트,4,2,41173-2100,39.26,경기 안양동안구,1296,41173,16, , 
"    35,200",중개거래,1992,2023,동안로,00102,00000,41173,02,3183006, 호계동,1052,0000,41173,10400,1,목련마을2단지대우선경,4,3,41173-115,34.44,경기 안양동안구,1052,41173,5, , 
"    44,000",중개거래,2022,2023,엘에스로45번길,00030,00000,41173,00,4349160, 호계동,1309,0000,41173,10400,1,평촌두산위브리버뷰,4,3,41173-2113,43.1,경기 안양동안구,1309,41173,22, , 
"    59,800",중개거래,2018,2023,경수대로596번길,00062,00012,41173,00,4349024, 호계동,1280,0000,41173,10400,1,신평촌일성트루엘파크,4,3,41173-2058,59.9235,경기 안양동안구,1280,41173,11, , 
"    49,900",중개거래,2004,2023,경수대로707번길,00057,00000,41173,01,4349031, 호계동,0923,0028,41173,10400,1,신도브래뉴,4,3,41173-213,84.99,경기 안양동안구,923-28,41173,4, , 
"    46,000",중개거래,2003,2023,경수대로,00462,00000,41173,02,2012008, 호계동,0811,0000,41173,10400,1,호계2차현대홈타운,4,3,41173-182,59.977,경기 안양동안구,811,41173,13, , 
"    55,000",중개거래,1992,2023,평촌대로211번길,00021,00000,41173,01,4349198, 호계동,1052,0003,41173,10400,1,목련우성,4,4,41173-114,50.73,경기 안양동안구,1052-3,41173,6, , 
"    60,000",중개거래,1992,2023,동안로,00011,00000,41173,02,3183006, 호계동,1055,0001,41173,10400,1,무궁화건영캐스빌,4,5,41173-116,84.84,경기 안양동안구,1055-1,41173,11,23.04.12,O
"    38,000",중개거래,2021,2023,경수대로,00583,00000,41173,00,2012008, 호계동,1296,0000,41173,10400,1,평촌어바인퍼스트,4,5,41173-2100,39.26,경기 안양동안구,1296,41173,11, , 
"    89,800",중개거래,2021,2023,경수대로,00581,00000,41173,00,2012008, 호계동,1296,0000,41173,10400,1,평촌어바인퍼스트,4,5,41173-2100,84.13,경기 안양동안구,1296,41173,11, , 
"    60,000",중개거래,1992,2023,동안로,00011,00000,41173,02,3183006, 호계동,1055,0001,41173,10400,1,무궁화건영캐스빌,4,5,41173-116,84.84,경기 안양동안구,1055-1,41173,11,23.04.13,O
"    60,000",중개거래,1992,2023,동안로,00011,00000,41173,02,3183006, 호계동,1055,0001,41173,10400,1,무궁화건영캐스빌,4,5,41173-116,84.84,경기 안양동안구,1055-1,41173,11, , 
"    67,000",중개거래,1992,2023,동안로,00102,00000,41173,02,3183006, 호계동,1052,0000,41173,10400,1,목련마을2단지대우선경,4,6,41173-115,58.32,경기 안양동안구,1052,41173,4, , 
"    56,500",중개거래,2003,2023,경수대로,00430,00000,41173,02,2012008, 호계동,0813,0000,41173,10400,1,대림e-편한세상,4,6,41173-183,84.99,경기 안양동안구,813,41173,15, , 
"    59,800",중개거래,2003,2023,경수대로,00462,00000,41173,02,2012008, 호계동,0811,0000,41173,10400,1,호계2차현대홈타운,4,6,41173-182,84.973,경기 안양동안구,811,41173,25, , 
"   118,000",중개거래,1992,2023,동안로,00057,00000,41173,02,3183006, 호계동,1053,0004,41173,10400,1,목련경남,4,7,41173-109,164.4,경기 안양동안구,1053-4,41173,17, , 
"    56,000",중개거래,1992,2023,평촌대로211번길,00021,00000,41173,01,4349198, 호계동,1052,0003,41173,10400,1,목련우성,4,7,41173-114,50.73,경기 안양동안구,1052-3,41173,7, , 
"    46,000",중개거래,1993,2023,평촌대로179번길,00030,00000,41173,01,4349196, 호계동,1052,0005,41173,10400,1,목련우성5,4,9,41173-173,41.85,경기 안양동안구,1052-5,41173,4, , 
"    82,000",중개거래,1992,2023,경수대로623번길,00046,00000,41173,00,4349027, 호계동,0570,0000,41173,10400,1,호계럭키,4,10,41173-108,127.57,경기 안양동안구,570,41173,4, , 
"    69,000",중개거래,2019,2023,경수대로610번길,00036,00000,41173,01,4349026, 호계동,1287,0000,41173,10400,1,평촌더샵아이파크,4,10,41173-2077,59.94,경기 안양동안구,1287,41173,20, , 
"    49,500",중개거래,2008,2023,경수대로,00483,00000,41173,02,2012008, 호계동,0975,0003,41173,10400,1,안양대우디오슈페리움,4,10,41173-1867,98.799,경기 안양동안구,975-3,41173,11, , 
"    87,000",중개거래,1992,2023,흥안대로223번길,00016,00000,41173,01,4349225, 호계동,1117,0000,41173,10400,1,샘마을쌍용,4,10,41173-139,132.6,경기 안양동안구,1117,41173,14, , 
"    57,900",중개거래,1994,2023,귀인로172번길,00022,00000,41173,01,4349094, 호계동,1057,0000,41173,10400,1,무궁화경남,4,10,41173-117,59.917,경기 안양동안구,1057,41173,8, , 
"    63,000",중개거래,1992,2023,동안로,00040,00000,41173,02,3183006, 호계동,1056,0000,41173,10400,1,무궁화금호,4,11,41173-103,59.82,경기 안양동안구,1056,41173,7, , 
"    69,000",중개거래,2019,2023,경수대로610번길,00036,00000,41173,01,4349026, 호계동,1287,0000,41173,10400,1,평촌더샵아이파크,4,11,41173-2077,59.94,"경기 군포시, 경기 안양동안구",1287,41173,10, , 
"    60,000",중개거래,2018,2023,경수대로596번길,00062,00012,41173,00,4349024, 호계동,1280,0000,41173,10400,1,신평촌일성트루엘파크,4,11,41173-2058,59.9235,경기 안양동안구,1280,41173,13, , 
"    50,000",중개거래,1992,2023,동안로,00102,00000,41173,02,3183006, 호계동,1052,0000,41173,10400,1,목련마을2단지대우선경,4,12,41173-115,58.32,경기 안양동안구,1052,41173,1, , 
"    65,500",중개거래,2021,2023,경수대로,00583,00000,41173,00,2012008, 호계동,1296,0000,41173,10400,1,평촌어바인퍼스트,4,12,41173-2100,59.52,경기 안양동안구,1296,41173,7, , 
"    14,900",중개거래,2018,2023,경수대로,00769,00000,41173,00,2012008, 호계동,0903,0004,41173,10400,1,한스하임,4,12,41173-2051,16.81,경기 안양동안구,903-4,41173,8, , 
"    59,500",중개거래,2015,2023,엘에스로116번길,00056,00000,41173,01,4349274, 호계동,1279,0000,41173,10400,1,금정역호계푸르지오,4,12,41173-1983,59.94,경기 군포시,1279,41173,8, , 
"    58,000",중개거래,2015,2023,엘에스로116번길,00056,00000,41173,01,4349274, 호계동,1279,0000,41173,10400,1,금정역호계푸르지오,4,12,41173-1983,59.94,경기 군포시,1279,41173,3, , 
"    71,000",중개거래,1994,2023,흥안대로223번길,00047,00000,41173,01,4349225, 호계동,1121,0000,41173,10400,1,샘마을대우,4,12,41173-131,88.788,경기 안양동안구,1121,41173,8, , 
"    59,000",중개거래,1994,2023,귀인로172번길,00022,00000,41173,01,4349094, 호계동,1057,0000,41173,10400,1,무궁화경남,4,13,41173-117,59.917,경기 안양동안구,1057,41173,9, , 
"    67,000",중개거래,2021,2023,경수대로,00583,00000,41173,00,2012008, 호계동,1296,0000,41173,10400,1,평촌어바인퍼스트,4,13,41173-2100,59.52,경기 안양동안구,1296,41173,12, , 
"    60,500",중개거래,2018,2023,경수대로596번길,00062,00012,41173,00,4349024, 호계동,1280,0000,41173,10400,1,신평촌일성트루엘파크,4,13,41173-2058,59.9235,경기 안양동안구,1280,41173,21, , 
"    59,500",중개거래,2015,2023,엘에스로116번길,00056,00000,41173,01,4349274, 호계동,1279,0000,41173,10400,1,금정역호계푸르지오,4,13,41173-1983,59.94,경기 군포시,1279,41173,12, , 
"    69,000",중개거래,2015,2023,엘에스로116번길,00056,00000,41173,01,4349274, 호계동,1279,0000,41173,10400,1,금정역호계푸르지오,4,13,41173-1983,74.98,경기 군포시,1279,41173,5, , 
"    13,000",중개거래,2013,2023,시민대로137번길,00030,00000,41173,01,4349144, 호계동,0903,0016,41173,10400,1,리츠팰리스,4,13,41173-1936,15.6113,인천 계양구,903-16,41173,4, , 
"    67,500",중개거래,2003,2023,경수대로,00462,00000,41173,02,2012008, 호계동,0811,0000,41173,10400,1,호계2차현대홈타운,4,13,41173-182,115.075,경기 안양동안구,811,41173,1, , 
"    56,000",중개거래,2003,2023,경수대로,00462,00000,41173,02,2012008, 호계동,0811,0000,41173,10400,1,호계2차현대홈타운,4,14,41173-182,84.973,경기 안양동안구,811,41173,3, , 
"    39,500",중개거래,2019,2023,안양천동로126번길,00026,00000,41173,01,4349154, 호계동,1294,0000,41173,10400,1,평촌대성유니드,4,14,41173-2076,45.7771,경기 안양동안구,1294,41173,8, , 
"    47,000",중개거래,2003,2023,경수대로,00462,00000,41173,02,2012008, 호계동,0811,0000,41173,10400,1,호계2차현대홈타운,4,14,41173-182,59.977,경기 안양동안구,811,41173,2, , 
"    48,900",중개거래,2004,2023,경수대로707번길,00057,00000,41173,01,4349031, 호계동,0923,0028,41173,10400,1,신도브래뉴,4,15,41173-213,84.99,경기 안양동안구,923-28,41173,6, , 
"    66,500",중개거래,2021,2023,경수대로,00583,00000,41173,00,2012008, 호계동,1296,0000,41173,10400,1,평촌어바인퍼스트,4,15,41173-2100,59.87,경기 안양동안구,1296,41173,11, , 
"    68,000",중개거래,1992,2023,동안로,00035,00000,41173,02,3183006, 호계동,1055,0000,41173,10400,1,무궁화한양,4,17,41173-120,84.9,경기 안양동안구,1055,41173,9, , 
"    14,000",중개거래,2018,2023,경수대로,00769,00000,41173,00,2012008, 호계동,0903,0004,41173,10400,1,한스하임,4,17,41173-2051,16.81,경기 안양동안구,903-4,41173,6, , 
"    74,000",중개거래,2002,2023,경수대로733번길,00023,00000,41173,01,4349033, 호계동,0914,0040,41173,10400,1,호계1차현대홈타운,4,17,41173-168,84.621,경기 안양동안구,914-40,41173,15, , 
"    33,000",직거래,1999,2023,포도원로27번길,00044,00000,41173,01,4349216, 호계동,0828,0004,41173,10400,1,호계동현대아파트,4,18,41173-161,84.945, ,828-4,41173,6, , 
"    66,700",중개거래,2021,2023,경수대로,00583,00000,41173,00,2012008, 호계동,1296,0000,41173,10400,1,평촌어바인퍼스트,4,19,41173-2100,59.87,경기 안양동안구,1296,41173,16, , 
"    66,000",중개거래,1992,2023,동안로,00102,00000,41173,02,3183006, 호계동,1052,0000,41173,10400,1,목련마을2단지대우선경,4,20,41173-115,58.32,경기 안양동안구,1052,41173,12, , 
"   115,000",중개거래,1992,2023,동안로,00057,00000,41173,02,3183006, 호계동,1053,0004,41173,10400,1,목련경남,4,25,41173-109,127.29,경기 안양동안구,1053-4,41173,6, , 
"    32,000",중개거래,1992,2023,동안로,00102,00000,41173,02,3183006, 호계동,1052,0000,41173,10400,1,목련마을2단지대우선경,4,27,41173-115,34.44,"경기 안양동안구, 경기 의왕시",1052,41173,2, , 
"    36,500",중개거래,1993,2023,동안로159번길,00014,00000,41173,01,4349104, 비산동,1103,0005,41173,10100,1,은하수마을한양,5,1,41173-22,35.1,경기 안양동안구,1103-5,41173,13, , 
"    68,000",중개거래,1992,2023,동안로,00035,00000,41173,02,3183006, 호계동,1055,0000,41173,10400,1,무궁화한양,5,1,41173-120,84.9,경기 안양동안구,1055,41173,6, , 
